id,source,target,interaction,edge label,Alpha,Beta,order
rs3129768rs9272346rs17116117rs1176741,rs3129768,rs9272346,rs3129768rs9272346rs17116117rs1176741,rs3129768rs9272346rs17116117rs1176741,Alpha,None,4
rs3129768rs9272346rs17116117rs1176741,rs9272346,rs17116117,rs3129768rs9272346rs17116117rs1176741,rs3129768rs9272346rs17116117rs1176741,Alpha,None,4
rs3129768rs9272346rs17116117rs1176741,rs17116117,rs1176741,rs3129768rs9272346rs17116117rs1176741,rs3129768rs9272346rs17116117rs1176741,Alpha,None,4
rs3129768rs9272346rs17116117rs1176741,rs1176741,rs3129768,rs3129768rs9272346rs17116117rs1176741,rs3129768rs9272346rs17116117rs1176741,Alpha,None,4
rs3129768rs9272346rs17116117rs1176740,rs3129768,rs9272346,rs3129768rs9272346rs17116117rs1176740,rs3129768rs9272346rs17116117rs1176740,Alpha,None,4
rs3129768rs9272346rs17116117rs1176740,rs9272346,rs17116117,rs3129768rs9272346rs17116117rs1176740,rs3129768rs9272346rs17116117rs1176740,Alpha,None,4
rs3129768rs9272346rs17116117rs1176740,rs17116117,rs1176740,rs3129768rs9272346rs17116117rs1176740,rs3129768rs9272346rs17116117rs1176740,Alpha,None,4
rs3129768rs9272346rs17116117rs1176740,rs1176740,rs3129768,rs3129768rs9272346rs17116117rs1176740,rs3129768rs9272346rs17116117rs1176740,Alpha,None,4
rs3129768rs9272346rs17116117rs1176738,rs3129768,rs9272346,rs3129768rs9272346rs17116117rs1176738,rs3129768rs9272346rs17116117rs1176738,Alpha,None,4
rs3129768rs9272346rs17116117rs1176738,rs9272346,rs17116117,rs3129768rs9272346rs17116117rs1176738,rs3129768rs9272346rs17116117rs1176738,Alpha,None,4
rs3129768rs9272346rs17116117rs1176738,rs17116117,rs1176738,rs3129768rs9272346rs17116117rs1176738,rs3129768rs9272346rs17116117rs1176738,Alpha,None,4
rs3129768rs9272346rs17116117rs1176738,rs1176738,rs3129768,rs3129768rs9272346rs17116117rs1176738,rs3129768rs9272346rs17116117rs1176738,Alpha,None,4
rs3129768rs9272346rs17116117rs1176739,rs3129768,rs9272346,rs3129768rs9272346rs17116117rs1176739,rs3129768rs9272346rs17116117rs1176739,Alpha,None,4
rs3129768rs9272346rs17116117rs1176739,rs9272346,rs17116117,rs3129768rs9272346rs17116117rs1176739,rs3129768rs9272346rs17116117rs1176739,Alpha,None,4
rs3129768rs9272346rs17116117rs1176739,rs17116117,rs1176739,rs3129768rs9272346rs17116117rs1176739,rs3129768rs9272346rs17116117rs1176739,Alpha,None,4
rs3129768rs9272346rs17116117rs1176739,rs1176739,rs3129768,rs3129768rs9272346rs17116117rs1176739,rs3129768rs9272346rs17116117rs1176739,Alpha,None,4
rs3129768rs9272346rs17116117rs17116145,rs3129768,rs9272346,rs3129768rs9272346rs17116117rs17116145,rs3129768rs9272346rs17116117rs17116145,Alpha,None,4
rs3129768rs9272346rs17116117rs17116145,rs9272346,rs17116117,rs3129768rs9272346rs17116117rs17116145,rs3129768rs9272346rs17116117rs17116145,Alpha,None,4
rs3129768rs9272346rs17116117rs17116145,rs17116117,rs17116145,rs3129768rs9272346rs17116117rs17116145,rs3129768rs9272346rs17116117rs17116145,Alpha,None,4
rs3129768rs9272346rs17116117rs17116145,rs17116145,rs3129768,rs3129768rs9272346rs17116117rs17116145,rs3129768rs9272346rs17116117rs17116145,Alpha,None,4
rs3129768rs9272723rs17116117rs1176740,rs3129768,rs9272723,rs3129768rs9272723rs17116117rs1176740,rs3129768rs9272723rs17116117rs1176740,Alpha,None,4
rs3129768rs9272723rs17116117rs1176740,rs9272723,rs17116117,rs3129768rs9272723rs17116117rs1176740,rs3129768rs9272723rs17116117rs1176740,Alpha,None,4
rs3129768rs9272723rs17116117rs1176740,rs17116117,rs1176740,rs3129768rs9272723rs17116117rs1176740,rs3129768rs9272723rs17116117rs1176740,Alpha,None,4
rs3129768rs9272723rs17116117rs1176740,rs1176740,rs3129768,rs3129768rs9272723rs17116117rs1176740,rs3129768rs9272723rs17116117rs1176740,Alpha,None,4
rs3129768rs9272723rs17116117rs1176739,rs3129768,rs9272723,rs3129768rs9272723rs17116117rs1176739,rs3129768rs9272723rs17116117rs1176739,Alpha,None,4
rs3129768rs9272723rs17116117rs1176739,rs9272723,rs17116117,rs3129768rs9272723rs17116117rs1176739,rs3129768rs9272723rs17116117rs1176739,Alpha,None,4
rs3129768rs9272723rs17116117rs1176739,rs17116117,rs1176739,rs3129768rs9272723rs17116117rs1176739,rs3129768rs9272723rs17116117rs1176739,Alpha,None,4
rs3129768rs9272723rs17116117rs1176739,rs1176739,rs3129768,rs3129768rs9272723rs17116117rs1176739,rs3129768rs9272723rs17116117rs1176739,Alpha,None,4
rs3129768rs9272723rs17116117rs1176741,rs3129768,rs9272723,rs3129768rs9272723rs17116117rs1176741,rs3129768rs9272723rs17116117rs1176741,Alpha,None,4
rs3129768rs9272723rs17116117rs1176741,rs9272723,rs17116117,rs3129768rs9272723rs17116117rs1176741,rs3129768rs9272723rs17116117rs1176741,Alpha,None,4
rs3129768rs9272723rs17116117rs1176741,rs17116117,rs1176741,rs3129768rs9272723rs17116117rs1176741,rs3129768rs9272723rs17116117rs1176741,Alpha,None,4
rs3129768rs9272723rs17116117rs1176741,rs1176741,rs3129768,rs3129768rs9272723rs17116117rs1176741,rs3129768rs9272723rs17116117rs1176741,Alpha,None,4
rs3129768rs9272723rs17116117rs1176738,rs3129768,rs9272723,rs3129768rs9272723rs17116117rs1176738,rs3129768rs9272723rs17116117rs1176738,Alpha,None,4
rs3129768rs9272723rs17116117rs1176738,rs9272723,rs17116117,rs3129768rs9272723rs17116117rs1176738,rs3129768rs9272723rs17116117rs1176738,Alpha,None,4
rs3129768rs9272723rs17116117rs1176738,rs17116117,rs1176738,rs3129768rs9272723rs17116117rs1176738,rs3129768rs9272723rs17116117rs1176738,Alpha,None,4
rs3129768rs9272723rs17116117rs1176738,rs1176738,rs3129768,rs3129768rs9272723rs17116117rs1176738,rs3129768rs9272723rs17116117rs1176738,Alpha,None,4
rs3129768rs9272723rs17116117rs17116145,rs3129768,rs9272723,rs3129768rs9272723rs17116117rs17116145,rs3129768rs9272723rs17116117rs17116145,Alpha,None,4
rs3129768rs9272723rs17116117rs17116145,rs9272723,rs17116117,rs3129768rs9272723rs17116117rs17116145,rs3129768rs9272723rs17116117rs17116145,Alpha,None,4
rs3129768rs9272723rs17116117rs17116145,rs17116117,rs17116145,rs3129768rs9272723rs17116117rs17116145,rs3129768rs9272723rs17116117rs17116145,Alpha,None,4
rs3129768rs9272723rs17116117rs17116145,rs17116145,rs3129768,rs3129768rs9272723rs17116117rs17116145,rs3129768rs9272723rs17116117rs17116145,Alpha,None,4
rs17388568rs7763910rs4129934rs6019687,rs17388568,rs7763910,rs17388568rs7763910rs4129934rs6019687,rs17388568rs7763910rs4129934rs6019687,Alpha,None,4
rs17388568rs7763910rs4129934rs6019687,rs7763910,rs4129934,rs17388568rs7763910rs4129934rs6019687,rs17388568rs7763910rs4129934rs6019687,Alpha,None,4
rs17388568rs7763910rs4129934rs6019687,rs4129934,rs6019687,rs17388568rs7763910rs4129934rs6019687,rs17388568rs7763910rs4129934rs6019687,Alpha,None,4
rs17388568rs7763910rs4129934rs6019687,rs6019687,rs17388568,rs17388568rs7763910rs4129934rs6019687,rs17388568rs7763910rs4129934rs6019687,Alpha,None,4
rs3129768rs9272723rs2513574rs17116117,rs3129768,rs9272723,rs3129768rs9272723rs2513574rs17116117,rs3129768rs9272723rs2513574rs17116117,Alpha,None,4
rs3129768rs9272723rs2513574rs17116117,rs9272723,rs2513574,rs3129768rs9272723rs2513574rs17116117,rs3129768rs9272723rs2513574rs17116117,Alpha,None,4
rs3129768rs9272723rs2513574rs17116117,rs2513574,rs17116117,rs3129768rs9272723rs2513574rs17116117,rs3129768rs9272723rs2513574rs17116117,Alpha,None,4
rs3129768rs9272723rs2513574rs17116117,rs17116117,rs3129768,rs3129768rs9272723rs2513574rs17116117,rs3129768rs9272723rs2513574rs17116117,Alpha,None,4
rs3129768rs9272723rs1633548rs17116117,rs3129768,rs9272723,rs3129768rs9272723rs1633548rs17116117,rs3129768rs9272723rs1633548rs17116117,Alpha,None,4
rs3129768rs9272723rs1633548rs17116117,rs9272723,rs1633548,rs3129768rs9272723rs1633548rs17116117,rs3129768rs9272723rs1633548rs17116117,Alpha,None,4
rs3129768rs9272723rs1633548rs17116117,rs1633548,rs17116117,rs3129768rs9272723rs1633548rs17116117,rs3129768rs9272723rs1633548rs17116117,Alpha,None,4
rs3129768rs9272723rs1633548rs17116117,rs17116117,rs3129768,rs3129768rs9272723rs1633548rs17116117,rs3129768rs9272723rs1633548rs17116117,Alpha,None,4
rs6441961rs7763910rs4763879rs9746695,rs6441961,rs7763910,rs6441961rs7763910rs4763879rs9746695,rs6441961rs7763910rs4763879rs9746695,Alpha,None,4
rs6441961rs7763910rs4763879rs9746695,rs7763910,rs4763879,rs6441961rs7763910rs4763879rs9746695,rs6441961rs7763910rs4763879rs9746695,Alpha,None,4
rs6441961rs7763910rs4763879rs9746695,rs4763879,rs9746695,rs6441961rs7763910rs4763879rs9746695,rs6441961rs7763910rs4763879rs9746695,Alpha,None,4
rs6441961rs7763910rs4763879rs9746695,rs9746695,rs6441961,rs6441961rs7763910rs4763879rs9746695,rs6441961rs7763910rs4763879rs9746695,Alpha,None,4
rs3129768rs9272346rs2513574rs17116117,rs3129768,rs9272346,rs3129768rs9272346rs2513574rs17116117,rs3129768rs9272346rs2513574rs17116117,Alpha,None,4
rs3129768rs9272346rs2513574rs17116117,rs9272346,rs2513574,rs3129768rs9272346rs2513574rs17116117,rs3129768rs9272346rs2513574rs17116117,Alpha,None,4
rs3129768rs9272346rs2513574rs17116117,rs2513574,rs17116117,rs3129768rs9272346rs2513574rs17116117,rs3129768rs9272346rs2513574rs17116117,Alpha,None,4
rs3129768rs9272346rs2513574rs17116117,rs17116117,rs3129768,rs3129768rs9272346rs2513574rs17116117,rs3129768rs9272346rs2513574rs17116117,Alpha,None,4
rs3129768rs9272346rs1633548rs17116117,rs3129768,rs9272346,rs3129768rs9272346rs1633548rs17116117,rs3129768rs9272346rs1633548rs17116117,Alpha,None,4
rs3129768rs9272346rs1633548rs17116117,rs9272346,rs1633548,rs3129768rs9272346rs1633548rs17116117,rs3129768rs9272346rs1633548rs17116117,Alpha,None,4
rs3129768rs9272346rs1633548rs17116117,rs1633548,rs17116117,rs3129768rs9272346rs1633548rs17116117,rs3129768rs9272346rs1633548rs17116117,Alpha,None,4
rs3129768rs9272346rs1633548rs17116117,rs17116117,rs3129768,rs3129768rs9272346rs1633548rs17116117,rs3129768rs9272346rs1633548rs17116117,Alpha,None,4
rs3129768rs9272723rs1633550rs17116117,rs3129768,rs9272723,rs3129768rs9272723rs1633550rs17116117,rs3129768rs9272723rs1633550rs17116117,Alpha,None,4
rs3129768rs9272723rs1633550rs17116117,rs9272723,rs1633550,rs3129768rs9272723rs1633550rs17116117,rs3129768rs9272723rs1633550rs17116117,Alpha,None,4
rs3129768rs9272723rs1633550rs17116117,rs1633550,rs17116117,rs3129768rs9272723rs1633550rs17116117,rs3129768rs9272723rs1633550rs17116117,Alpha,None,4
rs3129768rs9272723rs1633550rs17116117,rs17116117,rs3129768,rs3129768rs9272723rs1633550rs17116117,rs3129768rs9272723rs1633550rs17116117,Alpha,None,4
rs6679677rs9271850rs2519200rs17116117,rs6679677,rs9271850,rs6679677rs9271850rs2519200rs17116117,rs6679677rs9271850rs2519200rs17116117,Alpha,None,4
rs6679677rs9271850rs2519200rs17116117,rs9271850,rs2519200,rs6679677rs9271850rs2519200rs17116117,rs6679677rs9271850rs2519200rs17116117,Alpha,None,4
rs6679677rs9271850rs2519200rs17116117,rs2519200,rs17116117,rs6679677rs9271850rs2519200rs17116117,rs6679677rs9271850rs2519200rs17116117,Alpha,None,4
rs6679677rs9271850rs2519200rs17116117,rs17116117,rs6679677,rs6679677rs9271850rs2519200rs17116117,rs6679677rs9271850rs2519200rs17116117,Alpha,None,4
rs6441961rs7763910rs4763879rs12924729,rs6441961,rs7763910,rs6441961rs7763910rs4763879rs12924729,rs6441961rs7763910rs4763879rs12924729,Alpha,None,4
rs6441961rs7763910rs4763879rs12924729,rs7763910,rs4763879,rs6441961rs7763910rs4763879rs12924729,rs6441961rs7763910rs4763879rs12924729,Alpha,None,4
rs6441961rs7763910rs4763879rs12924729,rs4763879,rs12924729,rs6441961rs7763910rs4763879rs12924729,rs6441961rs7763910rs4763879rs12924729,Alpha,None,4
rs6441961rs7763910rs4763879rs12924729,rs12924729,rs6441961,rs6441961rs7763910rs4763879rs12924729,rs6441961rs7763910rs4763879rs12924729,Alpha,None,4
rs3790857rs9271850rs1525791rs17696736,rs3790857,rs9271850,rs3790857rs9271850rs1525791rs17696736,rs3790857rs9271850rs1525791rs17696736,Alpha,None,4
rs3790857rs9271850rs1525791rs17696736,rs9271850,rs1525791,rs3790857rs9271850rs1525791rs17696736,rs3790857rs9271850rs1525791rs17696736,Alpha,None,4
rs3790857rs9271850rs1525791rs17696736,rs1525791,rs17696736,rs3790857rs9271850rs1525791rs17696736,rs3790857rs9271850rs1525791rs17696736,Alpha,None,4
rs3790857rs9271850rs1525791rs17696736,rs17696736,rs3790857,rs3790857rs9271850rs1525791rs17696736,rs3790857rs9271850rs1525791rs17696736,Alpha,None,4
rs6679677rs9271850rs1633548rs17116117,rs6679677,rs9271850,rs6679677rs9271850rs1633548rs17116117,rs6679677rs9271850rs1633548rs17116117,Alpha,None,4
rs6679677rs9271850rs1633548rs17116117,rs9271850,rs1633548,rs6679677rs9271850rs1633548rs17116117,rs6679677rs9271850rs1633548rs17116117,Alpha,None,4
rs6679677rs9271850rs1633548rs17116117,rs1633548,rs17116117,rs6679677rs9271850rs1633548rs17116117,rs6679677rs9271850rs1633548rs17116117,Alpha,None,4
rs6679677rs9271850rs1633548rs17116117,rs17116117,rs6679677,rs6679677rs9271850rs1633548rs17116117,rs6679677rs9271850rs1633548rs17116117,Alpha,None,4
rs6679677rs9271850rs1633550rs17116117,rs6679677,rs9271850,rs6679677rs9271850rs1633550rs17116117,rs6679677rs9271850rs1633550rs17116117,Alpha,None,4
rs6679677rs9271850rs1633550rs17116117,rs9271850,rs1633550,rs6679677rs9271850rs1633550rs17116117,rs6679677rs9271850rs1633550rs17116117,Alpha,None,4
rs6679677rs9271850rs1633550rs17116117,rs1633550,rs17116117,rs6679677rs9271850rs1633550rs17116117,rs6679677rs9271850rs1633550rs17116117,Alpha,None,4
rs6679677rs9271850rs1633550rs17116117,rs17116117,rs6679677,rs6679677rs9271850rs1633550rs17116117,rs6679677rs9271850rs1633550rs17116117,Alpha,None,4
rs6679677rs9271850rs2513574rs17116117,rs6679677,rs9271850,rs6679677rs9271850rs2513574rs17116117,rs6679677rs9271850rs2513574rs17116117,Alpha,None,4
rs6679677rs9271850rs2513574rs17116117,rs9271850,rs2513574,rs6679677rs9271850rs2513574rs17116117,rs6679677rs9271850rs2513574rs17116117,Alpha,None,4
rs6679677rs9271850rs2513574rs17116117,rs2513574,rs17116117,rs6679677rs9271850rs2513574rs17116117,rs6679677rs9271850rs2513574rs17116117,Alpha,None,4
rs6679677rs9271850rs2513574rs17116117,rs17116117,rs6679677,rs6679677rs9271850rs2513574rs17116117,rs6679677rs9271850rs2513574rs17116117,Alpha,None,4
rs6679677rs9271850rs17610557rs17116117,rs6679677,rs9271850,rs6679677rs9271850rs17610557rs17116117,rs6679677rs9271850rs17610557rs17116117,Alpha,None,4
rs6679677rs9271850rs17610557rs17116117,rs9271850,rs17610557,rs6679677rs9271850rs17610557rs17116117,rs6679677rs9271850rs17610557rs17116117,Alpha,None,4
rs6679677rs9271850rs17610557rs17116117,rs17610557,rs17116117,rs6679677rs9271850rs17610557rs17116117,rs6679677rs9271850rs17610557rs17116117,Alpha,None,4
rs6679677rs9271850rs17610557rs17116117,rs17116117,rs6679677,rs6679677rs9271850rs17610557rs17116117,rs6679677rs9271850rs17610557rs17116117,Alpha,None,4
rs3129768rs9272346rs1633550rs17116117,rs3129768,rs9272346,rs3129768rs9272346rs1633550rs17116117,rs3129768rs9272346rs1633550rs17116117,Alpha,None,4
rs3129768rs9272346rs1633550rs17116117,rs9272346,rs1633550,rs3129768rs9272346rs1633550rs17116117,rs3129768rs9272346rs1633550rs17116117,Alpha,None,4
rs3129768rs9272346rs1633550rs17116117,rs1633550,rs17116117,rs3129768rs9272346rs1633550rs17116117,rs3129768rs9272346rs1633550rs17116117,Alpha,None,4
rs3129768rs9272346rs1633550rs17116117,rs17116117,rs3129768,rs3129768rs9272346rs1633550rs17116117,rs3129768rs9272346rs1633550rs17116117,Alpha,None,4
rs6679677rs9271850rs11604887rs17116117,rs6679677,rs9271850,rs6679677rs9271850rs11604887rs17116117,rs6679677rs9271850rs11604887rs17116117,Alpha,None,4
rs6679677rs9271850rs11604887rs17116117,rs9271850,rs11604887,rs6679677rs9271850rs11604887rs17116117,rs6679677rs9271850rs11604887rs17116117,Alpha,None,4
rs6679677rs9271850rs11604887rs17116117,rs11604887,rs17116117,rs6679677rs9271850rs11604887rs17116117,rs6679677rs9271850rs11604887rs17116117,Alpha,None,4
rs6679677rs9271850rs11604887rs17116117,rs17116117,rs6679677,rs6679677rs9271850rs11604887rs17116117,rs6679677rs9271850rs11604887rs17116117,Alpha,None,4
rs6679677rs9271850rs11606746rs17116117,rs6679677,rs9271850,rs6679677rs9271850rs11606746rs17116117,rs6679677rs9271850rs11606746rs17116117,Alpha,None,4
rs6679677rs9271850rs11606746rs17116117,rs9271850,rs11606746,rs6679677rs9271850rs11606746rs17116117,rs6679677rs9271850rs11606746rs17116117,Alpha,None,4
rs6679677rs9271850rs11606746rs17116117,rs11606746,rs17116117,rs6679677rs9271850rs11606746rs17116117,rs6679677rs9271850rs11606746rs17116117,Alpha,None,4
rs6679677rs9271850rs11606746rs17116117,rs17116117,rs6679677,rs6679677rs9271850rs11606746rs17116117,rs6679677rs9271850rs11606746rs17116117,Alpha,None,4
rs6679677rs9271850rs17541153rs17116117,rs6679677,rs9271850,rs6679677rs9271850rs17541153rs17116117,rs6679677rs9271850rs17541153rs17116117,Alpha,None,4
rs6679677rs9271850rs17541153rs17116117,rs9271850,rs17541153,rs6679677rs9271850rs17541153rs17116117,rs6679677rs9271850rs17541153rs17116117,Alpha,None,4
rs6679677rs9271850rs17541153rs17116117,rs17541153,rs17116117,rs6679677rs9271850rs17541153rs17116117,rs6679677rs9271850rs17541153rs17116117,Alpha,None,4
rs6679677rs9271850rs17541153rs17116117,rs17116117,rs6679677,rs6679677rs9271850rs17541153rs17116117,rs6679677rs9271850rs17541153rs17116117,Alpha,None,4
rs1230666rs17696736rs1362323rs382745,rs1230666,rs17696736,rs1230666rs17696736rs1362323rs382745,rs1230666rs17696736rs1362323rs382745,Alpha,None,4
rs1230666rs17696736rs1362323rs382745,rs17696736,rs1362323,rs1230666rs17696736rs1362323rs382745,rs1230666rs17696736rs1362323rs382745,Alpha,None,4
rs1230666rs17696736rs1362323rs382745,rs1362323,rs382745,rs1230666rs17696736rs1362323rs382745,rs1230666rs17696736rs1362323rs382745,Alpha,None,4
rs1230666rs17696736rs1362323rs382745,rs382745,rs1230666,rs1230666rs17696736rs1362323rs382745,rs1230666rs17696736rs1362323rs382745,Alpha,None,4
rs6679677rs9271850rs17611093rs17116117,rs6679677,rs9271850,rs6679677rs9271850rs17611093rs17116117,rs6679677rs9271850rs17611093rs17116117,Alpha,None,4
rs6679677rs9271850rs17611093rs17116117,rs9271850,rs17611093,rs6679677rs9271850rs17611093rs17116117,rs6679677rs9271850rs17611093rs17116117,Alpha,None,4
rs6679677rs9271850rs17611093rs17116117,rs17611093,rs17116117,rs6679677rs9271850rs17611093rs17116117,rs6679677rs9271850rs17611093rs17116117,Alpha,None,4
rs6679677rs9271850rs17611093rs17116117,rs17116117,rs6679677,rs6679677rs9271850rs17611093rs17116117,rs6679677rs9271850rs17611093rs17116117,Alpha,None,4
rs6679677rs9271850rs17532479rs17116117,rs6679677,rs9271850,rs6679677rs9271850rs17532479rs17116117,rs6679677rs9271850rs17532479rs17116117,Alpha,None,4
rs6679677rs9271850rs17532479rs17116117,rs9271850,rs17532479,rs6679677rs9271850rs17532479rs17116117,rs6679677rs9271850rs17532479rs17116117,Alpha,None,4
rs6679677rs9271850rs17532479rs17116117,rs17532479,rs17116117,rs6679677rs9271850rs17532479rs17116117,rs6679677rs9271850rs17532479rs17116117,Alpha,None,4
rs6679677rs9271850rs17532479rs17116117,rs17116117,rs6679677,rs6679677rs9271850rs17532479rs17116117,rs6679677rs9271850rs17532479rs17116117,Alpha,None,4
rs6679677rs9271850rs17532157rs17116117,rs6679677,rs9271850,rs6679677rs9271850rs17532157rs17116117,rs6679677rs9271850rs17532157rs17116117,Alpha,None,4
rs6679677rs9271850rs17532157rs17116117,rs9271850,rs17532157,rs6679677rs9271850rs17532157rs17116117,rs6679677rs9271850rs17532157rs17116117,Alpha,None,4
rs6679677rs9271850rs17532157rs17116117,rs17532157,rs17116117,rs6679677rs9271850rs17532157rs17116117,rs6679677rs9271850rs17532157rs17116117,Alpha,None,4
rs6679677rs9271850rs17532157rs17116117,rs17116117,rs6679677,rs6679677rs9271850rs17532157rs17116117,rs6679677rs9271850rs17532157rs17116117,Alpha,None,4
rs17226595rs9271850rs3013713rs641696,rs17226595,rs9271850,rs17226595rs9271850rs3013713rs641696,rs17226595rs9271850rs3013713rs641696,Alpha,None,4
rs17226595rs9271850rs3013713rs641696,rs9271850,rs3013713,rs17226595rs9271850rs3013713rs641696,rs17226595rs9271850rs3013713rs641696,Alpha,None,4
rs17226595rs9271850rs3013713rs641696,rs3013713,rs641696,rs17226595rs9271850rs3013713rs641696,rs17226595rs9271850rs3013713rs641696,Alpha,None,4
rs17226595rs9271850rs3013713rs641696,rs641696,rs17226595,rs17226595rs9271850rs3013713rs641696,rs17226595rs9271850rs3013713rs641696,Alpha,None,4
rs6441961rs7763910rs4763879rs12708716,rs6441961,rs7763910,rs6441961rs7763910rs4763879rs12708716,rs6441961rs7763910rs4763879rs12708716,Alpha,None,4
rs6441961rs7763910rs4763879rs12708716,rs7763910,rs4763879,rs6441961rs7763910rs4763879rs12708716,rs6441961rs7763910rs4763879rs12708716,Alpha,None,4
rs6441961rs7763910rs4763879rs12708716,rs4763879,rs12708716,rs6441961rs7763910rs4763879rs12708716,rs6441961rs7763910rs4763879rs12708716,Alpha,None,4
rs6441961rs7763910rs4763879rs12708716,rs12708716,rs6441961,rs6441961rs7763910rs4763879rs12708716,rs6441961rs7763910rs4763879rs12708716,Alpha,None,4
rs3790857rs7451149rs10848821rs11052372,rs3790857,rs7451149,rs3790857rs7451149rs10848821rs11052372,rs3790857rs7451149rs10848821rs11052372,Alpha,None,4
rs3790857rs7451149rs10848821rs11052372,rs7451149,rs10848821,rs3790857rs7451149rs10848821rs11052372,rs3790857rs7451149rs10848821rs11052372,Alpha,None,4
rs3790857rs7451149rs10848821rs11052372,rs10848821,rs11052372,rs3790857rs7451149rs10848821rs11052372,rs3790857rs7451149rs10848821rs11052372,Alpha,None,4
rs3790857rs7451149rs10848821rs11052372,rs11052372,rs3790857,rs3790857rs7451149rs10848821rs11052372,rs3790857rs7451149rs10848821rs11052372,Alpha,None,4
rs3790857rs11756275rs10848821rs11052372,rs3790857,rs11756275,rs3790857rs11756275rs10848821rs11052372,rs3790857rs11756275rs10848821rs11052372,Alpha,None,4
rs3790857rs11756275rs10848821rs11052372,rs11756275,rs10848821,rs3790857rs11756275rs10848821rs11052372,rs3790857rs11756275rs10848821rs11052372,Alpha,None,4
rs3790857rs11756275rs10848821rs11052372,rs10848821,rs11052372,rs3790857rs11756275rs10848821rs11052372,rs3790857rs11756275rs10848821rs11052372,Alpha,None,4
rs3790857rs11756275rs10848821rs11052372,rs11052372,rs3790857,rs3790857rs11756275rs10848821rs11052372,rs3790857rs11756275rs10848821rs11052372,Alpha,None,4
rs2237236rs1525791rs7945815rs3803676,rs2237236,rs1525791,rs2237236rs1525791rs7945815rs3803676,rs2237236rs1525791rs7945815rs3803676,Alpha,None,4
rs2237236rs1525791rs7945815rs3803676,rs1525791,rs7945815,rs2237236rs1525791rs7945815rs3803676,rs2237236rs1525791rs7945815rs3803676,Alpha,None,4
rs2237236rs1525791rs7945815rs3803676,rs7945815,rs3803676,rs2237236rs1525791rs7945815rs3803676,rs2237236rs1525791rs7945815rs3803676,Alpha,None,4
rs2237236rs1525791rs7945815rs3803676,rs3803676,rs2237236,rs2237236rs1525791rs7945815rs3803676,rs2237236rs1525791rs7945815rs3803676,Alpha,None,4
rs6798623rs17025857rs2415436rs12444385,rs6798623,rs17025857,rs6798623rs17025857rs2415436rs12444385,rs6798623rs17025857rs2415436rs12444385,Alpha,None,4
rs6798623rs17025857rs2415436rs12444385,rs17025857,rs2415436,rs6798623rs17025857rs2415436rs12444385,rs6798623rs17025857rs2415436rs12444385,Alpha,None,4
rs6798623rs17025857rs2415436rs12444385,rs2415436,rs12444385,rs6798623rs17025857rs2415436rs12444385,rs6798623rs17025857rs2415436rs12444385,Alpha,None,4
rs6798623rs17025857rs2415436rs12444385,rs12444385,rs6798623,rs6798623rs17025857rs2415436rs12444385,rs6798623rs17025857rs2415436rs12444385,Alpha,None,4
rs1235005rs2112594rs149970rs10741734,rs1235005,rs2112594,rs1235005rs2112594rs149970rs10741734,rs1235005rs2112594rs149970rs10741734,Alpha,None,4
rs1235005rs2112594rs149970rs10741734,rs2112594,rs149970,rs1235005rs2112594rs149970rs10741734,rs1235005rs2112594rs149970rs10741734,Alpha,None,4
rs1235005rs2112594rs149970rs10741734,rs149970,rs10741734,rs1235005rs2112594rs149970rs10741734,rs1235005rs2112594rs149970rs10741734,Alpha,None,4
rs1235005rs2112594rs149970rs10741734,rs10741734,rs1235005,rs1235005rs2112594rs149970rs10741734,rs1235005rs2112594rs149970rs10741734,Alpha,None,4
rs2488457rs17005850rs10456045rs2868853,rs2488457,rs17005850,rs2488457rs17005850rs10456045rs2868853,rs2488457rs17005850rs10456045rs2868853,Alpha,None,4
rs2488457rs17005850rs10456045rs2868853,rs17005850,rs10456045,rs2488457rs17005850rs10456045rs2868853,rs2488457rs17005850rs10456045rs2868853,Alpha,None,4
rs2488457rs17005850rs10456045rs2868853,rs10456045,rs2868853,rs2488457rs17005850rs10456045rs2868853,rs2488457rs17005850rs10456045rs2868853,Alpha,None,4
rs2488457rs17005850rs10456045rs2868853,rs2868853,rs2488457,rs2488457rs17005850rs10456045rs2868853,rs2488457rs17005850rs10456045rs2868853,Alpha,None,4
rs3013713rs1908241rs10848821rs11052552,rs3013713,rs1908241,rs3013713rs1908241rs10848821rs11052552,rs3013713rs1908241rs10848821rs11052552,Alpha,None,4
rs3013713rs1908241rs10848821rs11052552,rs1908241,rs10848821,rs3013713rs1908241rs10848821rs11052552,rs3013713rs1908241rs10848821rs11052552,Alpha,None,4
rs3013713rs1908241rs10848821rs11052552,rs10848821,rs11052552,rs3013713rs1908241rs10848821rs11052552,rs3013713rs1908241rs10848821rs11052552,Alpha,None,4
rs3013713rs1908241rs10848821rs11052552,rs11052552,rs3013713,rs3013713rs1908241rs10848821rs11052552,rs3013713rs1908241rs10848821rs11052552,Alpha,None,4
rs1230666rs17696736rs1362323rs3803676,rs1230666,rs17696736,rs1230666rs17696736rs1362323rs3803676,rs1230666rs17696736rs1362323rs3803676,Alpha,None,4
rs1230666rs17696736rs1362323rs3803676,rs17696736,rs1362323,rs1230666rs17696736rs1362323rs3803676,rs1230666rs17696736rs1362323rs3803676,Alpha,None,4
rs1230666rs17696736rs1362323rs3803676,rs1362323,rs3803676,rs1230666rs17696736rs1362323rs3803676,rs1230666rs17696736rs1362323rs3803676,Alpha,None,4
rs1230666rs17696736rs1362323rs3803676,rs3803676,rs1230666,rs1230666rs17696736rs1362323rs3803676,rs1230666rs17696736rs1362323rs3803676,Alpha,None,4
rs4713062rs9271850rs6477673rs2154420,rs4713062,rs9271850,rs4713062rs9271850rs6477673rs2154420,rs4713062rs9271850rs6477673rs2154420,Alpha,None,4
rs4713062rs9271850rs6477673rs2154420,rs9271850,rs6477673,rs4713062rs9271850rs6477673rs2154420,rs4713062rs9271850rs6477673rs2154420,Alpha,None,4
rs4713062rs9271850rs6477673rs2154420,rs6477673,rs2154420,rs4713062rs9271850rs6477673rs2154420,rs4713062rs9271850rs6477673rs2154420,Alpha,None,4
rs4713062rs9271850rs6477673rs2154420,rs2154420,rs4713062,rs4713062rs9271850rs6477673rs2154420,rs4713062rs9271850rs6477673rs2154420,Alpha,None,4
rs26949rs4713062rs149970rs12548378,rs26949,rs4713062,rs26949rs4713062rs149970rs12548378,rs26949rs4713062rs149970rs12548378,Alpha,None,4
rs26949rs4713062rs149970rs12548378,rs4713062,rs149970,rs26949rs4713062rs149970rs12548378,rs26949rs4713062rs149970rs12548378,Alpha,None,4
rs26949rs4713062rs149970rs12548378,rs149970,rs12548378,rs26949rs4713062rs149970rs12548378,rs26949rs4713062rs149970rs12548378,Alpha,None,4
rs26949rs4713062rs149970rs12548378,rs12548378,rs26949,rs26949rs4713062rs149970rs12548378,rs26949rs4713062rs149970rs12548378,Alpha,None,4
rs3790857rs1230666rs1525791rs17696736,rs3790857,rs1230666,rs3790857rs1230666rs1525791rs17696736,rs3790857rs1230666rs1525791rs17696736,Alpha,None,4
rs3790857rs1230666rs1525791rs17696736,rs1230666,rs1525791,rs3790857rs1230666rs1525791rs17696736,rs3790857rs1230666rs1525791rs17696736,Alpha,None,4
rs3790857rs1230666rs1525791rs17696736,rs1525791,rs17696736,rs3790857rs1230666rs1525791rs17696736,rs3790857rs1230666rs1525791rs17696736,Alpha,None,4
rs3790857rs1230666rs1525791rs17696736,rs17696736,rs3790857,rs3790857rs1230666rs1525791rs17696736,rs3790857rs1230666rs1525791rs17696736,Alpha,None,4
rs10776775rs17019726rs11756275rs12924729,rs10776775,rs17019726,rs10776775rs17019726rs11756275rs12924729,rs10776775rs17019726rs11756275rs12924729,Alpha,None,4
rs10776775rs17019726rs11756275rs12924729,rs17019726,rs11756275,rs10776775rs17019726rs11756275rs12924729,rs10776775rs17019726rs11756275rs12924729,Alpha,None,4
rs10776775rs17019726rs11756275rs12924729,rs11756275,rs12924729,rs10776775rs17019726rs11756275rs12924729,rs10776775rs17019726rs11756275rs12924729,Alpha,None,4
rs10776775rs17019726rs11756275rs12924729,rs12924729,rs10776775,rs10776775rs17019726rs11756275rs12924729,rs10776775rs17019726rs11756275rs12924729,Alpha,None,4
rs9271850rs10807124rs17681592rs1362323,rs9271850,rs10807124,rs9271850rs10807124rs17681592rs1362323,rs9271850rs10807124rs17681592rs1362323,Alpha,None,4
rs9271850rs10807124rs17681592rs1362323,rs10807124,rs17681592,rs9271850rs10807124rs17681592rs1362323,rs9271850rs10807124rs17681592rs1362323,Alpha,None,4
rs9271850rs10807124rs17681592rs1362323,rs17681592,rs1362323,rs9271850rs10807124rs17681592rs1362323,rs9271850rs10807124rs17681592rs1362323,Alpha,None,4
rs9271850rs10807124rs17681592rs1362323,rs1362323,rs9271850,rs9271850rs10807124rs17681592rs1362323,rs9271850rs10807124rs17681592rs1362323,Alpha,None,4
rs4643rs1430306rs10834986rs1873914,rs4643,rs1430306,rs4643rs1430306rs10834986rs1873914,rs4643rs1430306rs10834986rs1873914,Alpha,None,4
rs4643rs1430306rs10834986rs1873914,rs1430306,rs10834986,rs4643rs1430306rs10834986rs1873914,rs4643rs1430306rs10834986rs1873914,Alpha,None,4
rs4643rs1430306rs10834986rs1873914,rs10834986,rs1873914,rs4643rs1430306rs10834986rs1873914,rs4643rs1430306rs10834986rs1873914,Alpha,None,4
rs4643rs1430306rs10834986rs1873914,rs1873914,rs4643,rs4643rs1430306rs10834986rs1873914,rs4643rs1430306rs10834986rs1873914,Alpha,None,4
rs4361128rs3734536rs9271850rs6592988,rs4361128,rs3734536,rs4361128rs3734536rs9271850rs6592988,rs4361128rs3734536rs9271850rs6592988,Alpha,None,4
rs4361128rs3734536rs9271850rs6592988,rs3734536,rs9271850,rs4361128rs3734536rs9271850rs6592988,rs4361128rs3734536rs9271850rs6592988,Alpha,None,4
rs4361128rs3734536rs9271850rs6592988,rs9271850,rs6592988,rs4361128rs3734536rs9271850rs6592988,rs4361128rs3734536rs9271850rs6592988,Alpha,None,4
rs4361128rs3734536rs9271850rs6592988,rs6592988,rs4361128,rs4361128rs3734536rs9271850rs6592988,rs4361128rs3734536rs9271850rs6592988,Alpha,None,4
rs9272723rs17116117rs1176741,rs9272723,rs17116117,rs9272723rs17116117rs1176741,rs9272723rs17116117rs1176741,Alpha,None,3
rs9272723rs17116117rs1176741,rs17116117,rs1176741,rs9272723rs17116117rs1176741,rs9272723rs17116117rs1176741,Alpha,None,3
rs9272723rs17116117rs1176741,rs9272723,rs1176741,rs9272723rs17116117rs1176741,rs9272723rs17116117rs1176741,Alpha,None,3
rs9272723rs17116117rs1176738,rs9272723,rs17116117,rs9272723rs17116117rs1176738,rs9272723rs17116117rs1176738,Alpha,None,3
rs9272723rs17116117rs1176738,rs17116117,rs1176738,rs9272723rs17116117rs1176738,rs9272723rs17116117rs1176738,Alpha,None,3
rs9272723rs17116117rs1176738,rs9272723,rs1176738,rs9272723rs17116117rs1176738,rs9272723rs17116117rs1176738,Alpha,None,3
rs9272723rs17116117rs17116145,rs9272723,rs17116117,rs9272723rs17116117rs17116145,rs9272723rs17116117rs17116145,Alpha,None,3
rs9272723rs17116117rs17116145,rs17116117,rs17116145,rs9272723rs17116117rs17116145,rs9272723rs17116117rs17116145,Alpha,None,3
rs9272723rs17116117rs17116145,rs9272723,rs17116145,rs9272723rs17116117rs17116145,rs9272723rs17116117rs17116145,Alpha,None,3
rs9272723rs17116117rs1176740,rs9272723,rs17116117,rs9272723rs17116117rs1176740,rs9272723rs17116117rs1176740,Alpha,None,3
rs9272723rs17116117rs1176740,rs17116117,rs1176740,rs9272723rs17116117rs1176740,rs9272723rs17116117rs1176740,Alpha,None,3
rs9272723rs17116117rs1176740,rs9272723,rs1176740,rs9272723rs17116117rs1176740,rs9272723rs17116117rs1176740,Alpha,None,3
rs9272346rs17116117rs1176741,rs9272346,rs17116117,rs9272346rs17116117rs1176741,rs9272346rs17116117rs1176741,Alpha,None,3
rs9272346rs17116117rs1176741,rs17116117,rs1176741,rs9272346rs17116117rs1176741,rs9272346rs17116117rs1176741,Alpha,None,3
rs9272346rs17116117rs1176741,rs9272346,rs1176741,rs9272346rs17116117rs1176741,rs9272346rs17116117rs1176741,Alpha,None,3
rs9272346rs17116117rs1176738,rs9272346,rs17116117,rs9272346rs17116117rs1176738,rs9272346rs17116117rs1176738,Alpha,None,3
rs9272346rs17116117rs1176738,rs17116117,rs1176738,rs9272346rs17116117rs1176738,rs9272346rs17116117rs1176738,Alpha,None,3
rs9272346rs17116117rs1176738,rs9272346,rs1176738,rs9272346rs17116117rs1176738,rs9272346rs17116117rs1176738,Alpha,None,3
rs9272723rs17116117rs1176739,rs9272723,rs17116117,rs9272723rs17116117rs1176739,rs9272723rs17116117rs1176739,Alpha,None,3
rs9272723rs17116117rs1176739,rs17116117,rs1176739,rs9272723rs17116117rs1176739,rs9272723rs17116117rs1176739,Alpha,None,3
rs9272723rs17116117rs1176739,rs9272723,rs1176739,rs9272723rs17116117rs1176739,rs9272723rs17116117rs1176739,Alpha,None,3
rs3129768rs17116117rs1176741,rs3129768,rs17116117,rs3129768rs17116117rs1176741,rs3129768rs17116117rs1176741,Alpha,None,3
rs3129768rs17116117rs1176741,rs17116117,rs1176741,rs3129768rs17116117rs1176741,rs3129768rs17116117rs1176741,Alpha,None,3
rs3129768rs17116117rs1176741,rs3129768,rs1176741,rs3129768rs17116117rs1176741,rs3129768rs17116117rs1176741,Alpha,None,3
rs9272346rs17116117rs17116145,rs9272346,rs17116117,rs9272346rs17116117rs17116145,rs9272346rs17116117rs17116145,Alpha,None,3
rs9272346rs17116117rs17116145,rs17116117,rs17116145,rs9272346rs17116117rs17116145,rs9272346rs17116117rs17116145,Alpha,None,3
rs9272346rs17116117rs17116145,rs9272346,rs17116145,rs9272346rs17116117rs17116145,rs9272346rs17116117rs17116145,Alpha,None,3
rs9272346rs17116117rs1176740,rs9272346,rs17116117,rs9272346rs17116117rs1176740,rs9272346rs17116117rs1176740,Alpha,None,3
rs9272346rs17116117rs1176740,rs17116117,rs1176740,rs9272346rs17116117rs1176740,rs9272346rs17116117rs1176740,Alpha,None,3
rs9272346rs17116117rs1176740,rs9272346,rs1176740,rs9272346rs17116117rs1176740,rs9272346rs17116117rs1176740,Alpha,None,3
rs3129768rs17116117rs1176740,rs3129768,rs17116117,rs3129768rs17116117rs1176740,rs3129768rs17116117rs1176740,Alpha,None,3
rs3129768rs17116117rs1176740,rs17116117,rs1176740,rs3129768rs17116117rs1176740,rs3129768rs17116117rs1176740,Alpha,None,3
rs3129768rs17116117rs1176740,rs3129768,rs1176740,rs3129768rs17116117rs1176740,rs3129768rs17116117rs1176740,Alpha,None,3
rs3129768rs17116117rs1176738,rs3129768,rs17116117,rs3129768rs17116117rs1176738,rs3129768rs17116117rs1176738,Alpha,None,3
rs3129768rs17116117rs1176738,rs17116117,rs1176738,rs3129768rs17116117rs1176738,rs3129768rs17116117rs1176738,Alpha,None,3
rs3129768rs17116117rs1176738,rs3129768,rs1176738,rs3129768rs17116117rs1176738,rs3129768rs17116117rs1176738,Alpha,None,3
rs3129768rs17116117rs17116145,rs3129768,rs17116117,rs3129768rs17116117rs17116145,rs3129768rs17116117rs17116145,Alpha,None,3
rs3129768rs17116117rs17116145,rs17116117,rs17116145,rs3129768rs17116117rs17116145,rs3129768rs17116117rs17116145,Alpha,None,3
rs3129768rs17116117rs17116145,rs3129768,rs17116145,rs3129768rs17116117rs17116145,rs3129768rs17116117rs17116145,Alpha,None,3
rs3129768rs17116117rs1176739,rs3129768,rs17116117,rs3129768rs17116117rs1176739,rs3129768rs17116117rs1176739,Alpha,None,3
rs3129768rs17116117rs1176739,rs17116117,rs1176739,rs3129768rs17116117rs1176739,rs3129768rs17116117rs1176739,Alpha,None,3
rs3129768rs17116117rs1176739,rs3129768,rs1176739,rs3129768rs17116117rs1176739,rs3129768rs17116117rs1176739,Alpha,None,3
rs9272346rs17116117rs1176739,rs9272346,rs17116117,rs9272346rs17116117rs1176739,rs9272346rs17116117rs1176739,Alpha,None,3
rs9272346rs17116117rs1176739,rs17116117,rs1176739,rs9272346rs17116117rs1176739,rs9272346rs17116117rs1176739,Alpha,None,3
rs9272346rs17116117rs1176739,rs9272346,rs1176739,rs9272346rs17116117rs1176739,rs9272346rs17116117rs1176739,Alpha,None,3
rs9272723rs2513574rs17116117,rs9272723,rs2513574,rs9272723rs2513574rs17116117,rs9272723rs2513574rs17116117,Alpha,None,3
rs9272723rs2513574rs17116117,rs2513574,rs17116117,rs9272723rs2513574rs17116117,rs9272723rs2513574rs17116117,Alpha,None,3
rs9272723rs2513574rs17116117,rs9272723,rs17116117,rs9272723rs2513574rs17116117,rs9272723rs2513574rs17116117,Alpha,None,3
rs9272723rs1633548rs17116117,rs9272723,rs1633548,rs9272723rs1633548rs17116117,rs9272723rs1633548rs17116117,Alpha,None,3
rs9272723rs1633548rs17116117,rs1633548,rs17116117,rs9272723rs1633548rs17116117,rs9272723rs1633548rs17116117,Alpha,None,3
rs9272723rs1633548rs17116117,rs9272723,rs17116117,rs9272723rs1633548rs17116117,rs9272723rs1633548rs17116117,Alpha,None,3
rs9272346rs2513574rs17116117,rs9272346,rs2513574,rs9272346rs2513574rs17116117,rs9272346rs2513574rs17116117,Alpha,None,3
rs9272346rs2513574rs17116117,rs2513574,rs17116117,rs9272346rs2513574rs17116117,rs9272346rs2513574rs17116117,Alpha,None,3
rs9272346rs2513574rs17116117,rs9272346,rs17116117,rs9272346rs2513574rs17116117,rs9272346rs2513574rs17116117,Alpha,None,3
rs9272723rs1633550rs17116117,rs9272723,rs1633550,rs9272723rs1633550rs17116117,rs9272723rs1633550rs17116117,Alpha,None,3
rs9272723rs1633550rs17116117,rs1633550,rs17116117,rs9272723rs1633550rs17116117,rs9272723rs1633550rs17116117,Alpha,None,3
rs9272723rs1633550rs17116117,rs9272723,rs17116117,rs9272723rs1633550rs17116117,rs9272723rs1633550rs17116117,Alpha,None,3
rs3129768rs2513574rs17116117,rs3129768,rs2513574,rs3129768rs2513574rs17116117,rs3129768rs2513574rs17116117,Alpha,None,3
rs3129768rs2513574rs17116117,rs2513574,rs17116117,rs3129768rs2513574rs17116117,rs3129768rs2513574rs17116117,Alpha,None,3
rs3129768rs2513574rs17116117,rs3129768,rs17116117,rs3129768rs2513574rs17116117,rs3129768rs2513574rs17116117,Alpha,None,3
rs3129768rs1633548rs17116117,rs3129768,rs1633548,rs3129768rs1633548rs17116117,rs3129768rs1633548rs17116117,Alpha,None,3
rs3129768rs1633548rs17116117,rs1633548,rs17116117,rs3129768rs1633548rs17116117,rs3129768rs1633548rs17116117,Alpha,None,3
rs3129768rs1633548rs17116117,rs3129768,rs17116117,rs3129768rs1633548rs17116117,rs3129768rs1633548rs17116117,Alpha,None,3
rs9272346rs1633548rs17116117,rs9272346,rs1633548,rs9272346rs1633548rs17116117,rs9272346rs1633548rs17116117,Alpha,None,3
rs9272346rs1633548rs17116117,rs1633548,rs17116117,rs9272346rs1633548rs17116117,rs9272346rs1633548rs17116117,Alpha,None,3
rs9272346rs1633548rs17116117,rs9272346,rs17116117,rs9272346rs1633548rs17116117,rs9272346rs1633548rs17116117,Alpha,None,3
rs3129768rs1633550rs17116117,rs3129768,rs1633550,rs3129768rs1633550rs17116117,rs3129768rs1633550rs17116117,Alpha,None,3
rs3129768rs1633550rs17116117,rs1633550,rs17116117,rs3129768rs1633550rs17116117,rs3129768rs1633550rs17116117,Alpha,None,3
rs3129768rs1633550rs17116117,rs3129768,rs17116117,rs3129768rs1633550rs17116117,rs3129768rs1633550rs17116117,Alpha,None,3
rs9272346rs1633550rs17116117,rs9272346,rs1633550,rs9272346rs1633550rs17116117,rs9272346rs1633550rs17116117,Alpha,None,3
rs9272346rs1633550rs17116117,rs1633550,rs17116117,rs9272346rs1633550rs17116117,rs9272346rs1633550rs17116117,Alpha,None,3
rs9272346rs1633550rs17116117,rs9272346,rs17116117,rs9272346rs1633550rs17116117,rs9272346rs1633550rs17116117,Alpha,None,3
rs9271850rs3129768rs9272723,rs9271850,rs3129768,rs9271850rs3129768rs9272723,rs9271850rs3129768rs9272723,Alpha,None,3
rs9271850rs3129768rs9272723,rs3129768,rs9272723,rs9271850rs3129768rs9272723,rs9271850rs3129768rs9272723,Alpha,None,3
rs9271850rs3129768rs9272723,rs9271850,rs9272723,rs9271850rs3129768rs9272723,rs9271850rs3129768rs9272723,Alpha,None,3
rs9271850rs3129768rs9272346,rs9271850,rs3129768,rs9271850rs3129768rs9272346,rs9271850rs3129768rs9272346,Alpha,None,3
rs9271850rs3129768rs9272346,rs3129768,rs9272346,rs9271850rs3129768rs9272346,rs9271850rs3129768rs9272346,Alpha,None,3
rs9271850rs3129768rs9272346,rs9271850,rs9272346,rs9271850rs3129768rs9272346,rs9271850rs3129768rs9272346,Alpha,None,3
rs9271850rs11606746rs17116117,rs9271850,rs11606746,rs9271850rs11606746rs17116117,rs9271850rs11606746rs17116117,Alpha,None,3
rs9271850rs11606746rs17116117,rs11606746,rs17116117,rs9271850rs11606746rs17116117,rs9271850rs11606746rs17116117,Alpha,None,3
rs9271850rs11606746rs17116117,rs9271850,rs17116117,rs9271850rs11606746rs17116117,rs9271850rs11606746rs17116117,Alpha,None,3
rs9271850rs11604887rs17116117,rs9271850,rs11604887,rs9271850rs11604887rs17116117,rs9271850rs11604887rs17116117,Alpha,None,3
rs9271850rs11604887rs17116117,rs11604887,rs17116117,rs9271850rs11604887rs17116117,rs9271850rs11604887rs17116117,Alpha,None,3
rs9271850rs11604887rs17116117,rs9271850,rs17116117,rs9271850rs11604887rs17116117,rs9271850rs11604887rs17116117,Alpha,None,3
rs9271850rs17541153rs17116117,rs9271850,rs17541153,rs9271850rs17541153rs17116117,rs9271850rs17541153rs17116117,Alpha,None,3
rs9271850rs17541153rs17116117,rs17541153,rs17116117,rs9271850rs17541153rs17116117,rs9271850rs17541153rs17116117,Alpha,None,3
rs9271850rs17541153rs17116117,rs9271850,rs17116117,rs9271850rs17541153rs17116117,rs9271850rs17541153rs17116117,Alpha,None,3
rs9271850rs17610557rs17116117,rs9271850,rs17610557,rs9271850rs17610557rs17116117,rs9271850rs17610557rs17116117,Alpha,None,3
rs9271850rs17610557rs17116117,rs17610557,rs17116117,rs9271850rs17610557rs17116117,rs9271850rs17610557rs17116117,Alpha,None,3
rs9271850rs17610557rs17116117,rs9271850,rs17116117,rs9271850rs17610557rs17116117,rs9271850rs17610557rs17116117,Alpha,None,3
rs9271850rs17611093rs17116117,rs9271850,rs17611093,rs9271850rs17611093rs17116117,rs9271850rs17611093rs17116117,Alpha,None,3
rs9271850rs17611093rs17116117,rs17611093,rs17116117,rs9271850rs17611093rs17116117,rs9271850rs17611093rs17116117,Alpha,None,3
rs9271850rs17611093rs17116117,rs9271850,rs17116117,rs9271850rs17611093rs17116117,rs9271850rs17611093rs17116117,Alpha,None,3
rs9271850rs2513574rs17116117,rs9271850,rs2513574,rs9271850rs2513574rs17116117,rs9271850rs2513574rs17116117,Alpha,None,3
rs9271850rs2513574rs17116117,rs2513574,rs17116117,rs9271850rs2513574rs17116117,rs9271850rs2513574rs17116117,Alpha,None,3
rs9271850rs2513574rs17116117,rs9271850,rs17116117,rs9271850rs2513574rs17116117,rs9271850rs2513574rs17116117,Alpha,None,3
rs9271850rs17532157rs17116117,rs9271850,rs17532157,rs9271850rs17532157rs17116117,rs9271850rs17532157rs17116117,Alpha,None,3
rs9271850rs17532157rs17116117,rs17532157,rs17116117,rs9271850rs17532157rs17116117,rs9271850rs17532157rs17116117,Alpha,None,3
rs9271850rs17532157rs17116117,rs9271850,rs17116117,rs9271850rs17532157rs17116117,rs9271850rs17532157rs17116117,Alpha,None,3
rs9271850rs1633550rs17116117,rs9271850,rs1633550,rs9271850rs1633550rs17116117,rs9271850rs1633550rs17116117,Alpha,None,3
rs9271850rs1633550rs17116117,rs1633550,rs17116117,rs9271850rs1633550rs17116117,rs9271850rs1633550rs17116117,Alpha,None,3
rs9271850rs1633550rs17116117,rs9271850,rs17116117,rs9271850rs1633550rs17116117,rs9271850rs1633550rs17116117,Alpha,None,3
rs9272723rs17541153rs17116117,rs9272723,rs17541153,rs9272723rs17541153rs17116117,rs9272723rs17541153rs17116117,Alpha,None,3
rs9272723rs17541153rs17116117,rs17541153,rs17116117,rs9272723rs17541153rs17116117,rs9272723rs17541153rs17116117,Alpha,None,3
rs9272723rs17541153rs17116117,rs9272723,rs17116117,rs9272723rs17541153rs17116117,rs9272723rs17541153rs17116117,Alpha,None,3
rs9271850rs17532479rs17116117,rs9271850,rs17532479,rs9271850rs17532479rs17116117,rs9271850rs17532479rs17116117,Alpha,None,3
rs9271850rs17532479rs17116117,rs17532479,rs17116117,rs9271850rs17532479rs17116117,rs9271850rs17532479rs17116117,Alpha,None,3
rs9271850rs17532479rs17116117,rs9271850,rs17116117,rs9271850rs17532479rs17116117,rs9271850rs17532479rs17116117,Alpha,None,3
rs9272723rs11604887rs17116117,rs9272723,rs11604887,rs9272723rs11604887rs17116117,rs9272723rs11604887rs17116117,Alpha,None,3
rs9272723rs11604887rs17116117,rs11604887,rs17116117,rs9272723rs11604887rs17116117,rs9272723rs11604887rs17116117,Alpha,None,3
rs9272723rs11604887rs17116117,rs9272723,rs17116117,rs9272723rs11604887rs17116117,rs9272723rs11604887rs17116117,Alpha,None,3
rs6679677rs1633548rs17116117,rs6679677,rs1633548,rs6679677rs1633548rs17116117,rs6679677rs1633548rs17116117,Alpha,None,3
rs6679677rs1633548rs17116117,rs1633548,rs17116117,rs6679677rs1633548rs17116117,rs6679677rs1633548rs17116117,Alpha,None,3
rs6679677rs1633548rs17116117,rs6679677,rs17116117,rs6679677rs1633548rs17116117,rs6679677rs1633548rs17116117,Alpha,None,3
rs9271850rs1633548rs17116117,rs9271850,rs1633548,rs9271850rs1633548rs17116117,rs9271850rs1633548rs17116117,Alpha,None,3
rs9271850rs1633548rs17116117,rs1633548,rs17116117,rs9271850rs1633548rs17116117,rs9271850rs1633548rs17116117,Alpha,None,3
rs9271850rs1633548rs17116117,rs9271850,rs17116117,rs9271850rs1633548rs17116117,rs9271850rs1633548rs17116117,Alpha,None,3
rs6679677rs1633550rs17116117,rs6679677,rs1633550,rs6679677rs1633550rs17116117,rs6679677rs1633550rs17116117,Alpha,None,3
rs6679677rs1633550rs17116117,rs1633550,rs17116117,rs6679677rs1633550rs17116117,rs6679677rs1633550rs17116117,Alpha,None,3
rs6679677rs1633550rs17116117,rs6679677,rs17116117,rs6679677rs1633550rs17116117,rs6679677rs1633550rs17116117,Alpha,None,3
rs6679677rs11604887rs17116117,rs6679677,rs11604887,rs6679677rs11604887rs17116117,rs6679677rs11604887rs17116117,Alpha,None,3
rs6679677rs11604887rs17116117,rs11604887,rs17116117,rs6679677rs11604887rs17116117,rs6679677rs11604887rs17116117,Alpha,None,3
rs6679677rs11604887rs17116117,rs6679677,rs17116117,rs6679677rs11604887rs17116117,rs6679677rs11604887rs17116117,Alpha,None,3
rs9271850rs17116117rs1176741,rs9271850,rs17116117,rs9271850rs17116117rs1176741,rs9271850rs17116117rs1176741,Alpha,None,3
rs9271850rs17116117rs1176741,rs17116117,rs1176741,rs9271850rs17116117rs1176741,rs9271850rs17116117rs1176741,Alpha,None,3
rs9271850rs17116117rs1176741,rs9271850,rs1176741,rs9271850rs17116117rs1176741,rs9271850rs17116117rs1176741,Alpha,None,3
rs9271850rs17116117rs1176738,rs9271850,rs17116117,rs9271850rs17116117rs1176738,rs9271850rs17116117rs1176738,Alpha,None,3
rs9271850rs17116117rs1176738,rs17116117,rs1176738,rs9271850rs17116117rs1176738,rs9271850rs17116117rs1176738,Alpha,None,3
rs9271850rs17116117rs1176738,rs9271850,rs1176738,rs9271850rs17116117rs1176738,rs9271850rs17116117rs1176738,Alpha,None,3
rs6679677rs17541153rs17116117,rs6679677,rs17541153,rs6679677rs17541153rs17116117,rs6679677rs17541153rs17116117,Alpha,None,3
rs6679677rs17541153rs17116117,rs17541153,rs17116117,rs6679677rs17541153rs17116117,rs6679677rs17541153rs17116117,Alpha,None,3
rs6679677rs17541153rs17116117,rs6679677,rs17116117,rs6679677rs17541153rs17116117,rs6679677rs17541153rs17116117,Alpha,None,3
rs6679677rs2513574rs17116117,rs6679677,rs2513574,rs6679677rs2513574rs17116117,rs6679677rs2513574rs17116117,Alpha,None,3
rs6679677rs2513574rs17116117,rs2513574,rs17116117,rs6679677rs2513574rs17116117,rs6679677rs2513574rs17116117,Alpha,None,3
rs6679677rs2513574rs17116117,rs6679677,rs17116117,rs6679677rs2513574rs17116117,rs6679677rs2513574rs17116117,Alpha,None,3
rs6679677rs11606746rs17116117,rs6679677,rs11606746,rs6679677rs11606746rs17116117,rs6679677rs11606746rs17116117,Alpha,None,3
rs6679677rs11606746rs17116117,rs11606746,rs17116117,rs6679677rs11606746rs17116117,rs6679677rs11606746rs17116117,Alpha,None,3
rs6679677rs11606746rs17116117,rs6679677,rs17116117,rs6679677rs11606746rs17116117,rs6679677rs11606746rs17116117,Alpha,None,3
rs6679677rs17532479rs17116117,rs6679677,rs17532479,rs6679677rs17532479rs17116117,rs6679677rs17532479rs17116117,Alpha,None,3
rs6679677rs17532479rs17116117,rs17532479,rs17116117,rs6679677rs17532479rs17116117,rs6679677rs17532479rs17116117,Alpha,None,3
rs6679677rs17532479rs17116117,rs6679677,rs17116117,rs6679677rs17532479rs17116117,rs6679677rs17532479rs17116117,Alpha,None,3
rs9271850rs17116117rs1176740,rs9271850,rs17116117,rs9271850rs17116117rs1176740,rs9271850rs17116117rs1176740,Alpha,None,3
rs9271850rs17116117rs1176740,rs17116117,rs1176740,rs9271850rs17116117rs1176740,rs9271850rs17116117rs1176740,Alpha,None,3
rs9271850rs17116117rs1176740,rs9271850,rs1176740,rs9271850rs17116117rs1176740,rs9271850rs17116117rs1176740,Alpha,None,3
rs6679677rs17610557rs17116117,rs6679677,rs17610557,rs6679677rs17610557rs17116117,rs6679677rs17610557rs17116117,Alpha,None,3
rs6679677rs17610557rs17116117,rs17610557,rs17116117,rs6679677rs17610557rs17116117,rs6679677rs17610557rs17116117,Alpha,None,3
rs6679677rs17610557rs17116117,rs6679677,rs17116117,rs6679677rs17610557rs17116117,rs6679677rs17610557rs17116117,Alpha,None,3
rs17116117rs1176741,rs17116117,rs1176741,rs17116117rs1176741,rs17116117rs1176741,Alpha,None,2
rs17116117rs1176738,rs17116117,rs1176738,rs17116117rs1176738,rs17116117rs1176738,Alpha,None,2
rs17116117rs1176740,rs17116117,rs1176740,rs17116117rs1176740,rs17116117rs1176740,Alpha,None,2
rs17116117rs17116145,rs17116117,rs17116145,rs17116117rs17116145,rs17116117rs17116145,Alpha,None,2
rs17116117rs1176739,rs17116117,rs1176739,rs17116117rs1176739,rs17116117rs1176739,Alpha,None,2
rs3129768rs9272346,rs3129768,rs9272346,rs3129768rs9272346,rs3129768rs9272346,Alpha,None,2
rs3129768rs9272723,rs3129768,rs9272723,rs3129768rs9272723,rs3129768rs9272723,Alpha,None,2
rs2513574rs17116117,rs2513574,rs17116117,rs2513574rs17116117,rs2513574rs17116117,Alpha,None,2
rs1633548rs17116117,rs1633548,rs17116117,rs1633548rs17116117,rs1633548rs17116117,Alpha,None,2
rs1633550rs17116117,rs1633550,rs17116117,rs1633550rs17116117,rs1633550rs17116117,Alpha,None,2
rs17541153rs17116117,rs17541153,rs17116117,rs17541153rs17116117,rs17541153rs17116117,Alpha,None,2
rs11604887rs17116117,rs11604887,rs17116117,rs11604887rs17116117,rs11604887rs17116117,Alpha,None,2
rs17532479rs17116117,rs17532479,rs17116117,rs17532479rs17116117,rs17532479rs17116117,Alpha,None,2
rs17611093rs17116117,rs17611093,rs17116117,rs17611093rs17116117,rs17611093rs17116117,Alpha,None,2
rs11606746rs17116117,rs11606746,rs17116117,rs11606746rs17116117,rs11606746rs17116117,Alpha,None,2
rs17532157rs17116117,rs17532157,rs17116117,rs17532157rs17116117,rs17532157rs17116117,Alpha,None,2
rs17610557rs17116117,rs17610557,rs17116117,rs17610557rs17116117,rs17610557rs17116117,Alpha,None,2
rs6679677rs9271850,rs6679677,rs9271850,rs6679677rs9271850,rs6679677rs9271850,Alpha,None,2
rs9271850rs17116117,rs9271850,rs17116117,rs9271850rs17116117,rs9271850rs17116117,Alpha,None,2
rs2519200rs17116117,rs2519200,rs17116117,rs2519200rs17116117,rs2519200rs17116117,Alpha,None,2
rs6679677rs17116117,rs6679677,rs17116117,rs6679677rs17116117,rs6679677rs17116117,Alpha,None,2
rs6679677rs3129768,rs6679677,rs3129768,rs6679677rs3129768,rs6679677rs3129768,Alpha,None,2
rs6679677rs9272723,rs6679677,rs9272723,rs6679677rs9272723,rs6679677rs9272723,Alpha,None,2
rs6679677rs9272346,rs6679677,rs9272346,rs6679677rs9272346,rs6679677rs9272346,Alpha,None,2
rs1525791rs17116117,rs1525791,rs17116117,rs1525791rs17116117,rs1525791rs17116117,Alpha,None,2
rs3129768rs17116117,rs3129768,rs17116117,rs3129768rs17116117,rs3129768rs17116117,Alpha,None,2
rs9272346rs17116117,rs9272346,rs17116117,rs9272346rs17116117,rs9272346rs17116117,Alpha,None,2
rs9272723rs17116117,rs9272723,rs17116117,rs9272723rs17116117,rs9272723rs17116117,Alpha,None,2
rs9271850rs9272346,rs9271850,rs9272346,rs9271850rs9272346,rs9271850rs9272346,Alpha,None,2
rs1230666rs9271850,rs1230666,rs9271850,rs1230666rs9271850,rs1230666rs9271850,Alpha,None,2
rs1525791rs10483456,rs1525791,rs10483456,rs1525791rs10483456,rs1525791rs10483456,Alpha,None,2
rs9271850rs9272723,rs9271850,rs9272723,rs9271850rs9272723,rs9271850rs9272723,Alpha,None,2
rs1230666rs3129768,rs1230666,rs3129768,rs1230666rs3129768,rs1230666rs3129768,Alpha,None,2
rs17116117rs10483456,rs17116117,rs10483456,rs17116117rs10483456,rs17116117rs10483456,Alpha,None,2
rs1230666rs17116117,rs1230666,rs17116117,rs1230666rs17116117,rs1230666rs17116117,Alpha,None,2
rs2523691rs9272346,rs2523691,rs9272346,rs2523691rs9272346,rs2523691rs9272346,Alpha,None,2
rs2523691rs9272723,rs2523691,rs9272723,rs2523691rs9272723,rs2523691rs9272723,Alpha,None,2
rs1230666rs9272723,rs1230666,rs9272723,rs1230666rs9272723,rs1230666rs9272723,Alpha,None,2
rs1230666rs17696736,rs1230666,rs17696736,rs1230666rs17696736,rs1230666rs17696736,Alpha,None,2
rs6679677rs17696736,rs6679677,rs17696736,rs6679677rs17696736,rs6679677rs17696736,Alpha,None,2
rs9271850rs17696736,rs9271850,rs17696736,rs9271850rs17696736,rs9271850rs17696736,Alpha,None,2
rs200481rs17696736,rs200481,rs17696736,rs200481rs17696736,rs200481rs17696736,Alpha,None,2
rs2269239rs3790857,rs2269239,rs3790857,rs2269239rs3790857,rs2269239rs3790857,Alpha,None,2
rs6679677rs203884,rs6679677,rs203884,rs6679677rs203884,rs6679677rs203884,Alpha,None,2
rs17116117rs9315704,rs17116117,rs9315704,rs17116117rs9315704,rs17116117rs9315704,Alpha,None,2
rs200481rs17116117,rs200481,rs17116117,rs200481rs17116117,rs200481rs17116117,Alpha,None,2
rs1230666rs200481,rs1230666,rs200481,rs1230666rs200481,rs1230666rs200481,Alpha,None,2
rs201002rs17696736,rs201002,rs17696736,rs201002rs17696736,rs201002rs17696736,Alpha,None,2
rs203884rs17696736,rs203884,rs17696736,rs203884rs17696736,rs203884rs17696736,Alpha,None,2
