Alpha,SNP_A,SNP_B
0.020571,rs17116117,rs1176741
0.020513,rs17116117,rs1176738
0.020489,rs17116117,rs1176740
0.020471,rs17116117,rs17116145
0.020350,rs17116117,rs1176739
0.018308,rs3129768,rs9272346
0.016360,rs3129768,rs9272723
0.014618,rs2513574,rs17116117
0.014582,rs1633548,rs17116117
0.014038,rs1633550,rs17116117
0.011747,rs17541153,rs17116117
0.011736,rs11604887,rs17116117
0.011018,rs17532479,rs17116117
0.011017,rs17611093,rs17116117
0.011013,rs11606746,rs17116117
0.010830,rs17532157,rs17116117
0.010566,rs17610557,rs17116117
0.010474,rs6679677,rs9271850
0.010195,rs9271850,rs17116117
0.010007,rs2519200,rs17116117
0.009924,rs6679677,rs17116117
0.009826,rs6679677,rs3129768
0.009753,rs6679677,rs9272723
0.009548,rs6679677,rs9272346
0.009158,rs1525791,rs17116117
0.008918,rs3129768,rs17116117
0.007792,rs9272346,rs17116117
0.007785,rs9272723,rs17116117
0.007738,rs9271850,rs9272346
0.007444,rs1230666,rs9271850
0.007326,rs1525791,rs10483456
0.007270,rs9271850,rs9272723
0.007123,rs1230666,rs3129768
0.006745,rs17116117,rs10483456
0.006626,rs1230666,rs17116117
0.006386,rs2523691,rs9272346
0.006372,rs2523691,rs9272723
0.006256,rs1230666,rs9272723
0.006251,rs1230666,rs17696736
0.006199,rs6679677,rs17696736
0.006149,rs9271850,rs17696736
0.006078,rs200481,rs17696736
0.006029,rs2269239,rs3790857
0.005986,rs6679677,rs203884
0.005985,rs17116117,rs9315704
0.005945,rs200481,rs17116117
0.005915,rs1230666,rs200481
0.005902,rs201002,rs17696736
0.005876,rs203884,rs17696736
0.005859,rs1230666,rs9272346
0.005853,rs203884,rs17116117
0.005849,rs17116117,rs17696736
0.005833,rs201002,rs17116117
0.005782,rs6679677,rs200481
0.005753,rs1230666,rs201002
0.005743,rs200995,rs17696736
0.005696,rs6679677,rs1233708
0.005696,rs200995,rs17116117
0.005682,rs3790857,rs1525791
0.005665,rs1230666,rs203884
0.005656,rs6679677,rs201002
0.005611,rs1230666,rs200995
0.005584,rs202906,rs17696736
0.005571,rs9467704,rs17696736
0.005538,rs2269241,rs3790857
0.005535,rs6679677,rs200995
0.005498,rs6592988,rs12673016
0.005490,rs2488457,rs1233708
0.005476,rs11171739,rs17696736
0.005474,rs1233708,rs17116117
0.005471,rs10789970,rs17116117
0.005439,rs1233708,rs17696736
0.005435,rs2488457,rs200481
0.005422,rs2488457,rs203884
0.005415,rs9467704,rs1525791
0.005411,rs2488457,rs201002
0.005411,rs2488457,rs200995
0.005405,rs202906,rs17116117
0.005400,rs2488457,rs202906
0.005396,rs1230666,rs1233708
0.005387,rs2488457,rs9271850
0.005333,rs2488457,rs17116117
0.005327,rs200991,rs17116117
0.005294,rs6679677,rs202906
0.005279,rs2523691,rs3129768
0.005275,rs7763910,rs17696736
0.005268,rs1525791,rs17696736
0.005254,rs2488457,rs9467704
0.005248,rs1230666,rs202906
0.005239,rs9467704,rs17116117
0.005222,rs1230666,rs9467704
0.005179,rs2488457,rs200991
0.005163,rs1230666,rs7763910
0.005120,rs6679677,rs200991
0.005118,rs9271850,rs3129768
0.005110,rs3790857,rs10483456
0.005107,rs7763910,rs17116117
0.005098,rs2488457,rs7763910
0.005091,rs200995,rs11171739
0.005082,rs2488457,rs17696736
0.005081,rs1230666,rs200991
0.005079,rs9271850,rs11171739
0.005077,rs1230666,rs1525791
0.005070,rs6679677,rs7763910
0.005058,rs6679677,rs1525791
0.005055,rs3790857,rs9271850
0.005025,rs200991,rs11171739
0.005017,rs200991,rs17696736
0.005010,rs2488457,rs3129768
0.005003,rs11171739,rs10483456
0.004992,rs201002,rs11171739
0.004991,rs1233708,rs11171739
0.004988,rs200481,rs1525791
0.004966,rs1230666,rs11171739
0.004964,rs6679677,rs9467704
0.004951,rs9271850,rs1525791
0.004948,rs2488457,rs11171739
0.004947,rs200481,rs11171739
0.004926,rs201002,rs1525791
0.004918,rs7763910,rs1525791
0.004901,rs200995,rs1525791
0.004892,rs202906,rs11171739
0.004885,rs1525791,rs11171739
0.004878,rs3790857,rs6679677
0.004877,rs9271850,rs10483456
0.004857,rs3790857,rs1230666
0.004844,rs9272723,rs17696736
0.004829,rs203884,rs10483456
0.004827,rs200991,rs1525791
0.004824,rs1233708,rs1525791
0.004823,rs203884,rs1525791
0.004808,rs202906,rs1525791
0.004803,rs12190473,rs1525791
0.004790,rs1233708,rs10483456
0.004789,rs2488457,rs1525791
0.004783,rs203888,rs10483456
0.004782,rs149946,rs10483456
0.004775,rs203884,rs11171739
0.004740,rs1217200,rs10456045
0.004737,rs1217396,rs10456045
0.004729,rs1217396,rs200481
0.004724,rs3790857,rs2488457
0.004721,rs6679677,rs11171739
0.004698,rs3129768,rs1525791
0.004685,rs1230666,rs12190473
0.004683,rs2488457,rs12190473
0.004682,rs1217200,rs200481
0.004670,rs1217396,rs201002
0.004669,rs149969,rs10483456
0.004664,rs2488457,rs9272723
0.004662,rs200995,rs2292239
0.004662,rs12190473,rs11171739
0.004660,rs11756275,rs11171739
0.004657,rs17696736,rs10483456
0.004656,rs9467704,rs11171739
0.004649,rs6679677,rs203888
0.004646,rs12190473,rs17696736
0.004640,rs1230649,rs200481
0.004639,rs1230666,rs10456045
0.004639,rs1217396,rs200995
0.004636,rs10456045,rs2523691
0.004634,rs10484399,rs2292239
0.004633,rs1230658,rs200481
0.004625,rs2523691,rs17116117
0.004621,rs1217200,rs201002
0.004619,rs3129768,rs17696736
0.004615,rs1217200,rs200995
0.004611,rs4358615,rs1525791
0.004603,rs12190473,rs17116117
0.004599,rs6679677,rs149946
0.004592,rs3790857,rs1217396
0.004589,rs1230658,rs10456045
0.004580,rs1230649,rs201002
0.004576,rs200991,rs2523691
0.004574,rs1230658,rs201002
0.004570,rs9272346,rs17696736
0.004565,rs203888,rs11171739
0.004562,rs10456045,rs17696736
0.004557,rs2488457,rs10483456
0.004550,rs1230649,rs200995
0.004548,rs3790857,rs17696736
0.004544,rs1230658,rs200995
0.004541,rs149946,rs17696736
0.004530,rs1217396,rs7451149
0.004529,rs1217200,rs7451149
0.004527,rs200481,rs2523691
0.004526,rs6679677,rs12190473
0.004520,rs201002,rs2523691
0.004518,rs7763910,rs10483456
0.004516,rs149946,rs11171739
0.004512,rs203887,rs10483456
0.004511,rs200995,rs2523691
0.004510,rs2488457,rs203888
0.004507,rs6894569,rs203884
0.004501,rs201002,rs2292239
0.004500,rs7451149,rs11171739
0.004499,rs149946,rs2523691
0.004499,rs1217396,rs200991
0.004497,rs17116117,rs11171739
0.004497,rs149969,rs2523691
0.004497,rs1230649,rs10456045
0.004496,rs202906,rs2523691
0.004495,rs203888,rs17116117
0.004491,rs202906,rs10483456
0.004477,rs6679677,rs149969
0.004477,rs149946,rs17116117
0.004473,rs200481,rs2292239
0.004473,rs1230666,rs2292239
0.004472,rs7763910,rs11171739
0.004471,rs1230649,rs10776775
0.004459,rs6894569,rs1233708
0.004457,rs3790857,rs9467704
0.004456,rs3790857,rs9272723
0.004453,rs2488457,rs149946
0.004453,rs11756275,rs10483456
0.004453,rs10484399,rs11171739
0.004446,rs200991,rs2292239
0.004440,rs1230666,rs10483456
0.004439,rs1217396,rs12190473
0.004429,rs2292239,rs17696736
0.004425,rs1230649,rs200991
0.004421,rs1233708,rs2523691
0.004419,rs1217396,rs202906
0.004419,rs1217200,rs200991
0.004417,rs6894569,rs11171739
0.004416,rs3790857,rs1233708
0.004416,rs1230658,rs200991
0.004415,rs1217226,rs10776775
0.004415,rs10484399,rs17696736
0.004408,rs200991,rs10483456
0.004408,rs11756275,rs1525791
0.004407,rs1230658,rs7451149
0.004404,rs203888,rs17696736
0.004400,rs1217200,rs12190473
0.004399,rs149969,rs11171739
0.004399,rs1230658,rs10776775
0.004399,rs1230649,rs7451149
0.004398,rs1217200,rs10776775
0.004396,rs149969,rs17696736
0.004395,rs6679677,rs10483456
0.004394,rs7763910,rs9271850
0.004391,rs2523691,rs1525791
0.004388,rs2523691,rs11171739
0.004380,rs9271850,rs2292239
0.004378,rs1217396,rs2523691
0.004376,rs3790857,rs203884
0.004373,rs11756275,rs17116117
0.004371,rs1525791,rs2292239
0.004369,rs1217396,rs11756275
0.004367,rs4713062,rs1525791
0.004367,rs149969,rs17116117
0.004364,rs4358615,rs11171739
0.004362,rs3790857,rs1230649
0.004362,rs12190473,rs10483456
0.004361,rs2488457,rs10456045
0.004357,rs9467704,rs2523691
0.004357,rs10484399,rs2523691
0.004355,rs3790857,rs11756275
0.004355,rs10456045,rs10483456
0.004354,rs7451149,rs1525791
0.004353,rs2488457,rs149969
0.004351,rs2523691,rs10483456
0.004347,rs17720293,rs2292239
0.004345,rs1217200,rs11756275
0.004344,rs6894569,rs2292239
0.004344,rs3790857,rs12190473
0.004343,rs1233708,rs2292239
0.004341,rs1230649,rs12190473
0.004340,rs1217396,rs10484399
0.004336,rs2488457,rs2523691
0.004335,rs2488457,rs6894569
0.004331,rs1230658,rs12190473
0.004327,rs7451149,rs10483456
0.004325,rs3790857,rs7451149
0.004324,rs202906,rs2292239
0.004324,rs1217200,rs202906
0.004322,rs3790857,rs1217200
0.004313,rs3790857,rs1230658
0.004310,rs3790857,rs10484399
0.004309,rs10807124,rs10483456
0.004308,rs7451149,rs17116117
0.004308,rs1217396,rs9271850
0.004302,rs6894569,rs1525791
0.004302,rs2523691,rs17696736
0.004291,rs1217396,rs1233708
0.004286,rs6679677,rs203887
0.004286,rs1230666,rs11756275
0.004286,rs1230649,rs202906
0.004283,rs9272346,rs1525791
0.004279,rs4713062,rs11171739
0.004279,rs1230658,rs202906
0.004277,rs3790857,rs200991
0.004275,rs6894569,rs9271850
0.004275,rs10484399,rs1525791
0.004272,rs203887,rs2523691
0.004266,rs4358615,rs17116117
0.004262,rs1230658,rs11756275
0.004261,rs9467704,rs10483456
0.004261,rs2488457,rs9272346
0.004261,rs1217396,rs9467704
0.004260,rs6894569,rs10483456
0.004260,rs203887,rs17696736
0.004251,rs6894569,rs203887
0.004250,rs10456045,rs2292239
0.004243,rs1230649,rs11756275
0.004237,rs200995,rs10483456
0.004234,rs1217200,rs1233708
0.004232,rs6679677,rs11756275
0.004231,rs2488457,rs11756275
0.004230,rs2488457,rs10484399
0.004230,rs203884,rs2523691
0.004228,rs201002,rs10483456
0.004228,rs1230666,rs10484399
0.004226,rs1230649,rs10484399
0.004225,rs9272723,rs1525791
0.004225,rs1217396,rs11171739
0.004224,rs149970,rs10483456
0.004221,rs1217200,rs10484399
0.004219,rs7763910,rs2523691
0.004218,rs3790857,rs149969
0.004214,rs1217396,rs203884
0.004213,rs1113523,rs10776775
0.004212,rs1217396,rs17116117
0.004211,rs3790857,rs149946
0.004209,rs3790857,rs2523691
0.004206,rs1230666,rs149946
0.004205,rs1230666,rs203888
0.004205,rs1230658,rs10484399
0.004204,rs2488457,rs2292239
0.004204,rs200481,rs10483456
0.004204,rs1230649,rs1233708
0.004202,rs6679677,rs149970
0.004199,rs1217396,rs10776775
0.004195,rs1525791,rs9315704
0.004191,rs203887,rs17116117
0.004189,rs2488457,rs203887
0.004188,rs11756275,rs2292239
0.004187,rs2488457,rs7451149
0.004185,rs1230658,rs1233708
0.004182,rs1230649,rs11171739
0.004179,rs9271850,rs10807124
0.004176,rs17720293,rs11171739
0.004176,rs1230649,rs2292239
0.004173,rs9405484,rs9272723
0.004172,rs1230666,rs7451149
0.004170,rs7451149,rs2292239
0.004170,rs10456045,rs1525791
0.004168,rs6894569,rs200991
0.004165,rs9405484,rs10484399
0.004163,rs9405484,rs149946
0.004163,rs4456089,rs200481
0.004159,rs203887,rs11171739
0.004157,rs1217200,rs2292239
0.004156,rs1230658,rs11171739
0.004154,rs1217200,rs9271850
0.004153,rs6679677,rs7451149
0.004153,rs1217396,rs203887
0.004150,rs10456045,rs11171739
0.004149,rs6894569,rs200481
0.004149,rs1217200,rs11171739
0.004148,rs6894569,rs7763910
0.004148,rs10484399,rs17116117
0.004145,rs9379851,rs4769283
0.004145,rs6894569,rs201002
0.004145,rs6894569,rs200995
0.004145,rs149970,rs2523691
0.004143,rs9405484,rs200995
0.004143,rs1217200,rs2523691
0.004143,rs1217200,rs17116117
0.004140,rs6894569,rs17696736
0.004139,rs203888,rs2523691
0.004138,rs10484399,rs4769283
0.004137,rs1230658,rs2292239
0.004136,rs3790857,rs11171739
0.004136,rs1230658,rs2523691
0.004134,rs9405484,rs10456045
0.004134,rs1230649,rs2523691
0.004133,rs1217200,rs203884
0.004126,rs6894569,rs10456045
0.004126,rs3790857,rs7763910
0.004125,rs1230649,rs9467704
0.004124,rs1230666,rs2523691
0.004121,rs1217227,rs10776775
0.004120,rs4358615,rs10483456
0.004120,rs2292239,rs10483456
0.004118,rs1230658,rs9271850
0.004118,rs1230658,rs17116117
0.004117,rs203884,rs9271850
0.004117,rs203884,rs2292239
0.004116,rs7763910,rs4769283
0.004116,rs3790857,rs2269238
0.004114,rs9405484,rs149969
0.004114,rs203888,rs1525791
0.004114,rs1230649,rs203884
0.004113,rs1230666,rs6894569
0.004112,rs3790857,rs4358615
0.004111,rs6894569,rs149970
0.004111,rs10456045,rs4769283
0.004108,rs6894569,rs12190473
0.004107,rs1230649,rs9271850
0.004105,rs1230666,rs149969
0.004104,rs4456089,rs10456045
0.004104,rs1230658,rs9467704
0.004103,rs1217200,rs9467704
0.004102,rs17013326,rs10776775
0.004101,rs1873914,rs17696736
0.004098,rs4456089,rs201002
0.004096,rs3790857,rs9272346
0.004094,rs3790857,rs203888
0.004091,rs6894569,rs149969
0.004089,rs6894569,rs149946
0.004088,rs9405484,rs149970
0.004087,rs9393708,rs4769283
0.004087,rs1230658,rs203884
0.004086,rs3790857,rs200995
0.004086,rs1217396,rs2292239
0.004085,rs9405484,rs10483456
0.004085,rs12190473,rs2292239
0.004079,rs9405484,rs201002
0.004079,rs6679677,rs2523691
0.004077,rs1230649,rs17116117
0.004076,rs4456089,rs12190473
0.004072,rs11756275,rs17696736
0.004071,rs1217396,rs17720293
0.004066,rs203888,rs2292239
0.004065,rs3790857,rs201002
0.004064,rs1230658,rs17720293
0.004064,rs1230649,rs17720293
0.004063,rs1217200,rs203887
0.004061,rs6894569,rs9467704
0.004061,rs4456089,rs200995
0.004061,rs149970,rs17696736
0.004060,rs6894569,rs203888
0.004057,rs3129768,rs9746695
0.004055,rs6894569,rs202906
0.004055,rs1230649,rs203887
0.004053,rs149946,rs1525791
0.004052,rs1217200,rs17720293
0.004051,rs3790857,rs200481
0.004049,rs1230658,rs203887
0.004048,rs203884,rs3129768
0.004040,rs9405484,rs200481
0.004039,rs4456089,rs10776775
0.004036,rs200991,rs1873914
0.004035,rs9405484,rs9271850
0.004035,rs17013326,rs10456045
0.004027,rs6679677,rs6894569
0.004023,rs7451149,rs17696736
0.004022,rs3811019,rs7451149
0.004021,rs149969,rs2292239
0.004021,rs1217396,rs203888
0.004019,rs3790857,rs149970
0.004018,rs3811019,rs11756275
0.004013,rs149946,rs2292239
0.004012,rs9467704,rs2292239
0.004011,rs6679677,rs10484399
0.004008,rs9405484,rs203888
0.004004,rs3790857,rs203887
0.004001,rs2523691,rs2292239
0.004000,rs9405484,rs17720293
0.004000,rs203887,rs2292239
0.003998,rs1150683,rs3129768
0.003997,rs4456089,rs200991
0.003992,rs9405484,rs9272346
0.003990,rs6679677,rs4358615
0.003990,rs4358615,rs2292239
0.003989,rs1217396,rs7763910
0.003986,rs6894569,rs10484399
0.003985,rs6679677,rs2292239
0.003985,rs3790857,rs17720293
0.003985,rs1217396,rs149969
0.003984,rs17013326,rs200481
0.003984,rs149970,rs17116117
0.003983,rs1230666,rs203887
0.003983,rs1113523,rs200481
0.003981,rs1217396,rs149946
0.003980,rs3129768,rs12924729
0.003976,rs7451149,rs2523691
0.003972,rs3790857,rs17116117
0.003969,rs3790857,rs202906
0.003965,rs7763910,rs2292239
0.003965,rs11756275,rs2523691
0.003963,rs17720293,rs2523691
0.003959,rs2488457,rs149970
0.003958,rs4713062,rs17116117
0.003958,rs149970,rs11171739
0.003957,rs17720293,rs17696736
0.003957,rs149969,rs1525791
0.003951,rs3790857,rs4713062
0.003951,rs1225709,rs9271850
0.003944,rs9405484,rs12190473
0.003944,rs4358615,rs2523691
0.003944,rs1217396,rs10483456
0.003943,rs1217396,rs17696736
0.003941,rs7745603,rs4767293
0.003940,rs3129768,rs11171739
0.003940,rs202906,rs4769283
0.003939,rs1225709,rs3129768
0.003937,rs3790857,rs10456045
0.003937,rs1217227,rs200481
0.003931,rs9379851,rs12924729
0.003923,rs149970,rs2292239
0.003922,rs17013326,rs201002
0.003921,rs4713062,rs9746695
0.003921,rs17116117,rs2292239
0.003920,rs6894569,rs1873914
0.003918,rs1871695,rs3129768
0.003918,rs1113523,rs201002
0.003917,rs9467704,rs4769283
0.003916,rs6894569,rs11756275
0.003916,rs17013326,rs200995
0.003911,rs1230649,rs203888
0.003911,rs1113523,rs200995
0.003910,rs1230649,rs6894569
0.003909,rs6894569,rs7451149
0.003909,rs1233708,rs9271850
0.003907,rs9393708,rs12924729
0.003906,rs202906,rs10807124
0.003904,rs1230658,rs6894569
0.003900,rs9379851,rs9746695
0.003899,rs1230658,rs203888
0.003899,rs1217200,rs4358615
0.003893,rs6679677,rs10456045
0.003893,rs1217200,rs203888
0.003892,rs1217396,rs6894569
0.003885,rs2488457,rs17720293
0.003884,rs1230666,rs4358615
0.003883,rs17696736,rs9746695
0.003882,rs1230649,rs7763910
0.003879,rs7451149,rs4767293
0.003879,rs1230649,rs149969
0.003879,rs10807124,rs17696736
0.003878,rs1217200,rs17696736
0.003877,rs10484399,rs10483456
0.003876,rs203885,rs9271850
0.003876,rs1217227,rs201002
0.003876,rs1217200,rs7763910
0.003874,rs1230649,rs149946
0.003874,rs1217200,rs6894569
0.003872,rs9379851,rs10807124
0.003872,rs1230658,rs149969
0.003871,rs1230658,rs149946
0.003870,rs3790857,rs2292239
0.003869,rs1217227,rs200995
0.003867,rs1217227,rs10456045
0.003866,rs11171739,rs4767293
0.003865,rs6894569,rs2523691
0.003864,rs1230658,rs7763910
0.003864,rs1230658,rs4358615
0.003863,rs1150683,rs9271850
0.003862,rs9405484,rs7763910
0.003862,rs1217200,rs149969
0.003861,rs10484399,rs11052552
0.003860,rs17013326,rs200991
0.003859,rs1217200,rs149946
0.003859,rs10456045,rs17116117
0.003856,rs9405484,rs1233708
0.003853,rs9405484,rs11756275
0.003853,rs200991,rs10807124
0.003852,rs200991,rs705698
0.003850,rs4713062,rs2523691
0.003846,rs17720293,rs12924729
0.003846,rs1230649,rs4358615
0.003842,rs4358615,rs9746695
0.003840,rs17720293,rs17116117
0.003838,rs17013326,rs12190473
0.003838,rs1230658,rs17696736
0.003838,rs1230649,rs17696736
0.003836,rs1217226,rs200481
0.003833,rs3790857,rs3129768
0.003831,rs1217396,rs4358615
0.003830,rs10484399,rs12924729
0.003829,rs17720293,rs10807124
0.003827,rs6894569,rs4358615
0.003824,rs203885,rs3129768
0.003818,rs6679677,rs17720293
0.003817,rs6894569,rs3129768
0.003817,rs1230658,rs149970
0.003815,rs9393708,rs9746695
0.003813,rs9405484,rs1525791
0.003813,rs200991,rs705702
0.003812,rs4456089,rs2292239
0.003812,rs203887,rs1525791
0.003812,rs1217200,rs149970
0.003811,rs4713062,rs12924729
0.003811,rs1230649,rs149970
0.003808,rs203887,rs886125
0.003808,rs200481,rs10807124
0.003806,rs4713062,rs2292239
0.003805,rs1113523,rs12190473
0.003804,rs17013326,rs7451149
0.003801,rs1217396,rs9272723
0.003791,rs9405484,rs203887
0.003791,rs1217227,rs12190473
0.003790,rs4456089,rs7451149
0.003789,rs9405484,rs200991
0.003789,rs4456089,rs11171739
0.003789,rs201002,rs1873914
0.003789,rs201002,rs10807124
0.003789,rs1230658,rs10483456
0.003788,rs3790857,rs9746695
0.003785,rs1230666,rs149970
0.003784,rs9393708,rs10807124
0.003783,rs1217396,rs149970
0.003782,rs6679677,rs4713062
0.003781,rs1230649,rs10483456
0.003780,rs2488457,rs4358615
0.003777,rs4713062,rs10483456
0.003776,rs4769283,rs12924729
0.003776,rs1217226,rs201002
0.003776,rs1217226,rs10456045
0.003775,rs200995,rs1873914
0.003775,rs200995,rs10807124
0.003773,rs17013326,rs231726
0.003773,rs1113523,rs200991
0.003771,rs1230666,rs17720293
0.003770,rs1217226,rs200995
0.003765,rs10484399,rs9746695
0.003764,rs1217227,rs200991
0.003762,rs4456089,rs2523691
0.003762,rs11171739,rs10744777
0.003761,rs4456089,rs9405484
0.003760,rs149970,rs886125
0.003759,rs1217396,rs3129768
0.003759,rs11756275,rs4767293
0.003758,rs9405484,rs4358615
0.003756,rs9272346,rs10483456
0.003756,rs7745603,rs2523691
0.003754,rs9405484,rs17116117
0.003754,rs3790857,rs6894569
0.003753,rs17720293,rs10483456
0.003753,rs10744777,rs1025450
0.003750,rs9467704,rs9746695
0.003749,rs1217200,rs10483456
0.003745,rs200991,rs9271850
0.003745,rs17720293,rs9746695
0.003744,rs149970,rs2106407
0.003743,rs4358615,rs12924729
0.003742,rs7745603,rs10744777
0.003735,rs4456089,rs203887
0.003735,rs4358615,rs4769283
0.003735,rs1217226,rs12190473
0.003733,rs9405484,rs4713062
0.003733,rs200481,rs1873914
0.003732,rs200481,rs9271850
0.003730,rs149970,rs12815195
0.003725,rs6894569,rs17720293
0.003725,rs200481,rs705702
0.003721,rs203887,rs2106407
0.003718,rs1217396,rs1525791
0.003718,rs10484399,rs705702
0.003716,rs4713062,rs4769283
0.003714,rs1233708,rs3129768
0.003712,rs2237236,rs4767293
0.003711,rs17696736,rs12924729
0.003708,rs4456089,rs9467704
0.003708,rs203887,rs12815195
0.003708,rs202906,rs9746695
0.003708,rs1217200,rs9405484
0.003705,rs9405484,rs202906
0.003704,rs1230658,rs9405484
0.003703,rs3790857,rs4456089
0.003701,rs200995,rs705702
0.003700,rs3790857,rs9405484
0.003700,rs200481,rs9746695
0.003699,rs4456089,rs202906
0.003698,rs3790857,rs12924729
0.003696,rs9467704,rs12924729
0.003696,rs7451149,rs10744777
0.003696,rs1233708,rs886125
0.003695,rs9405484,rs203884
0.003695,rs1230649,rs9405484
0.003694,rs1217396,rs9405484
0.003691,rs201002,rs9746695
0.003686,rs203884,rs886125
0.003685,rs201002,rs705702
0.003685,rs17720293,rs1525791
0.003685,rs1217226,rs231726
0.003683,rs9467704,rs10807124
0.003683,rs4456089,rs231726
0.003683,rs1217226,rs3734536
0.003681,rs4456089,rs10484399
0.003680,rs6894569,rs9272723
0.003680,rs1217200,rs4713062
0.003677,rs200995,rs9746695
0.003677,rs1217227,rs3734536
0.003675,rs1525791,rs1873914
0.003674,rs10807124,rs1525791
0.003674,rs10484399,rs10807124
0.003672,rs1217227,rs231726
0.003670,rs200995,rs4769283
0.003669,rs16899778,rs9271850
0.003668,rs201002,rs4769283
0.003667,rs2237236,rs10744777
0.003665,rs9379851,rs17696736
0.003665,rs12190473,rs2523691
0.003663,rs1217226,rs200991
0.003662,rs1113523,rs9405484
0.003658,rs202906,rs12924729
0.003658,rs1871695,rs9271850
0.003658,rs17013326,rs3734536
0.003658,rs149970,rs10807124
0.003656,rs4456089,rs3734536
0.003656,rs149946,rs886125
0.003655,rs4456089,rs11756275
0.003654,rs201002,rs9271850
0.003654,rs17013326,rs2292239
0.003647,rs11756275,rs9746695
0.003646,rs3734536,rs4767293
0.003646,rs1230658,rs4713062
0.003645,rs1230649,rs3129768
0.003644,rs1873914,rs10744777
0.003642,rs7763910,rs9272723
0.003642,rs17013326,rs11756275
0.003641,rs1230666,rs1873914
0.003639,rs1230666,rs4713062
0.003638,rs9405484,rs2523691
0.003638,rs149970,rs9746695
0.003633,rs4456089,rs1233708
0.003631,rs17720293,rs705702
0.003630,rs203887,rs10807124
0.003628,rs200481,rs705698
0.003628,rs200481,rs12924729
0.003628,rs17013326,rs11171739
0.003628,rs1230649,rs1525791
0.003627,rs7763910,rs9746695
0.003627,rs1230649,rs4713062
0.003626,rs1230658,rs1525791
0.003625,rs9272723,rs11171739
0.003624,rs149969,rs886125
0.003624,rs1217200,rs3734536
0.003621,rs1113523,rs10456045
0.003619,rs9272346,rs11171739
0.003619,rs3811019,rs203884
0.003619,rs10484399,rs705698
0.003617,rs4713062,rs4767293
0.003617,rs1873914,rs4767293
0.003616,rs1230658,rs3129768
0.003615,rs3790857,rs9379851
0.003614,rs6894569,rs4713062
0.003614,rs4456089,rs1873914
0.003613,rs4456089,rs149969
0.003613,rs201002,rs12924729
0.003613,rs1217200,rs3129768
0.003612,rs1217396,rs4713062
0.003612,rs1217200,rs1525791
0.003612,rs11756275,rs10744777
0.003610,rs7763910,rs3129768
0.003610,rs4456089,rs6894569
0.003609,rs149970,rs1525791
0.003607,rs7763910,rs12924729
0.003606,rs9405484,rs7451149
0.003605,rs149946,rs2106407
0.003605,rs10807124,rs9746695
0.003604,rs4358615,rs4767293
0.003603,rs200995,rs705698
0.003603,rs200995,rs4767293
0.003600,rs4358615,rs17696736
0.003600,rs1233708,rs2106407
0.003600,rs10484399,rs12708716
0.003598,rs200995,rs12924729
0.003598,rs17013326,rs1873914
0.003597,rs2488457,rs9405484
0.003597,rs2127392,rs17116117
0.003596,rs3811019,rs11171739
0.003595,rs1217396,rs3734536
0.003594,rs1233708,rs12815195
0.003594,rs1113523,rs9467704
0.003593,rs200481,rs4769283
0.003593,rs1230658,rs3734536
0.003592,rs2237236,rs17696736
0.003592,rs149946,rs12815195
0.003592,rs1113523,rs202906
0.003591,rs9393708,rs4767293
0.003591,rs3790857,rs1113523
0.003591,rs201002,rs4767293
0.003591,rs1113523,rs3734536
0.003590,rs201002,rs705698
0.003583,rs203888,rs886125
0.003582,rs3790857,rs7398833
0.003582,rs149946,rs9746695
0.003581,rs17013326,rs203887
0.003581,rs1113523,rs231726
0.003579,rs149969,rs2106407
0.003579,rs11756275,rs4769283
0.003578,rs1217227,rs2523691
0.003576,rs17720293,rs1873914
0.003576,rs12190473,rs9746695
0.003574,rs1233708,rs10807124
0.003573,rs1217227,rs7451149
0.003572,rs7451149,rs4769283
0.003571,rs4456089,rs149946
0.003571,rs203888,rs10807124
0.003570,rs149970,rs12708716
0.003569,rs9393708,rs17696736
0.003569,rs149969,rs9746695
0.003568,rs9467704,rs16927327
0.003567,rs9272723,rs10483456
0.003567,rs9272346,rs9746695
0.003567,rs3129768,rs2292239
0.003567,rs17720293,rs4769283
0.003566,rs17013326,rs9405484
0.003566,rs149969,rs12815195
0.003565,rs9405484,rs10807124
0.003565,rs149970,rs12924729
0.003565,rs11756275,rs12924729
0.003564,rs9379851,rs1525791
0.003564,rs4456089,rs9271850
0.003564,rs1230649,rs9272723
0.003563,rs1230658,rs9272723
0.003561,rs9405484,rs2292239
0.003561,rs203884,rs2106407
0.003560,rs200481,rs11052552
0.003560,rs12190473,rs4767293
0.003559,rs1217200,rs2237236
0.003557,rs4767293,rs1025450
0.003556,rs203884,rs12815195
0.003555,rs203887,rs9746695
0.003553,rs200481,rs4767293
0.003550,rs4456089,rs17116117
0.003550,rs3790857,rs9393708
0.003550,rs201002,rs11052552
0.003549,rs3790857,rs10807124
0.003545,rs149946,rs10807124
0.003544,rs200995,rs9271850
0.003543,rs4456089,rs17720293
0.003542,rs1217227,rs202906
0.003542,rs1217226,rs7451149
0.003540,rs2488457,rs4713062
0.003540,rs2488457,rs1873914
0.003539,rs6679677,rs10807124
0.003539,rs203884,rs10807124
0.003538,rs9467704,rs9271850
0.003537,rs149969,rs10807124
0.003536,rs9379851,rs4767293
0.003535,rs4607417,rs7793221
0.003535,rs3811019,rs1150683
0.003535,rs2523691,rs9746695
0.003534,rs1217200,rs9272723
0.003533,rs1217200,rs7745603
0.003532,rs2488457,rs10776775
0.003532,rs10807124,rs2292239
0.003531,rs1230658,rs10807124
0.003530,rs17720293,rs705698
0.003530,rs12190473,rs10744777
0.003530,rs1113523,rs7745603
0.003528,rs1217227,rs9405484
0.003527,rs9405484,rs9467704
0.003527,rs4456089,rs203888
0.003527,rs3790857,rs4767293
0.003525,rs7451149,rs9746695
0.003523,rs203888,rs2106407
0.003522,rs1217227,rs9467704
0.003521,rs3734536,rs10744777
0.003520,rs203888,rs9746695
0.003518,rs149946,rs12924729
0.003517,rs6894569,rs9272346
0.003517,rs200995,rs11052552
0.003516,rs1217226,rs9405484
0.003515,rs4456089,rs4713062
0.003515,rs17720293,rs4767293
0.003515,rs1113523,rs7451149
0.003515,rs10484399,rs1873914
0.003513,rs203887,rs12924729
0.003513,rs1230649,rs10807124
0.003512,rs203888,rs12815195
0.003512,rs10807124,rs12924729
0.003509,rs9467704,rs1873914
0.003508,rs1230649,rs3734536
0.003507,rs17013326,rs10484399
0.003505,rs149969,rs12924729
0.003505,rs12190473,rs9271850
0.003504,rs12190473,rs1873914
0.003503,rs9405484,rs2237236
0.003503,rs9393708,rs1525791
0.003500,rs4769283,rs9746695
0.003500,rs1217226,rs2523691
0.003500,rs1217200,rs10807124
0.003499,rs1233708,rs9746695
0.003498,rs6894569,rs705698
0.003498,rs4456089,rs149970
0.003497,rs4456089,rs4358615
0.003496,rs17013326,rs2237236
0.003496,rs1230658,rs2237236
0.003494,rs6894569,rs705702
0.003494,rs2523691,rs10807124
0.003494,rs2237236,rs4769283
0.003493,rs1233708,rs705702
0.003492,rs4713062,rs1873914
0.003492,rs3811019,rs4713062
0.003492,rs17013326,rs1233708
0.003492,rs1217227,rs2237236
0.003492,rs10456045,rs9746695
0.003491,rs4456089,rs203884
0.003489,rs3811019,rs1233708
0.003489,rs12190473,rs10807124
0.003488,rs9405484,rs7745603
0.003487,rs4456089,rs7763910
0.003485,rs2523691,rs12924729
0.003485,rs17013326,rs2523691
0.003485,rs1217396,rs10807124
0.003484,rs1230658,rs7745603
0.003482,rs3811019,rs1225709
0.003481,rs9379851,rs2523691
0.003481,rs17013326,rs9467704
0.003481,rs149946,rs12708716
0.003481,rs1217226,rs2237236
0.003478,rs2523691,rs1873914
0.003478,rs1217227,rs10484399
0.003475,rs1113523,rs10484399
0.003472,rs4456089,rs9746695
0.003472,rs330483,rs6592988
0.003471,rs9405484,rs17696736
0.003471,rs9272346,rs12924729
0.003471,rs203888,rs12924729
0.003471,rs1230666,rs10807124
0.003471,rs1230649,rs7745603
0.003470,rs200991,rs9746695
0.003469,rs11171739,rs9746695
0.003467,rs1217227,rs2292239
0.003467,rs10807124,rs10849946
0.003466,rs2924611,rs2736029
0.003465,rs3811019,rs9271850
0.003465,rs1113523,rs2523691
0.003464,rs3129768,rs12708716
0.003463,rs1230666,rs3734536
0.003463,rs1217396,rs2237236
0.003462,rs1233708,rs1873914
0.003460,rs17013326,rs202906
0.003460,rs1217227,rs11756275
0.003459,rs149969,rs12708716
0.003459,rs1230666,rs9405484
0.003459,rs1217227,rs1233708
0.003457,rs10456045,rs12924729
0.003456,rs705702,rs17696736
0.003456,rs3811019,rs4358615
0.003453,rs6679677,rs9405484
0.003452,rs9467704,rs3129768
0.003452,rs1217226,rs202906
0.003451,rs7745603,rs17696736
0.003451,rs3790857,rs12708716
0.003451,rs1217396,rs9272346
0.003450,rs4713062,rs12708716
0.003450,rs3790857,rs4766517
0.003450,rs17696736,rs12708716
0.003449,rs1113523,rs2237236
0.003448,rs3811019,rs17696736
0.003447,rs523383,rs7398833
0.003445,rs886125,rs10483456
0.003445,rs203887,rs12708716
0.003442,rs9467704,rs7262414
0.003442,rs3790857,rs1217227
0.003442,rs1217226,rs9467704
0.003442,rs10456045,rs10807124
0.003441,rs1217227,rs9271850
0.003440,rs17013326,rs6894569
0.003437,rs3811019,rs1871695
0.003437,rs1230649,rs1873914
0.003437,rs1113523,rs9271850
0.003436,rs1217226,rs7745603
0.003434,rs7451149,rs12924729
0.003433,rs1217227,rs7745603
0.003432,rs4456089,rs12924729
0.003432,rs203884,rs9746695
0.003431,rs9379851,rs12708716
0.003430,rs17013326,rs149969
0.003429,rs9271850,rs1873914
0.003429,rs3790857,rs17013326
0.003428,rs7763910,rs10744777
0.003427,rs9467704,rs705702
0.003427,rs9393708,rs12708716
0.003427,rs4456089,rs2237236
0.003426,rs4456089,rs10483456
0.003425,rs1233708,rs705698
0.003424,rs9405484,rs11171739
0.003424,rs17013326,rs12924729
0.003424,rs1230658,rs1873914
0.003422,rs1230649,rs2237236
0.003420,rs705698,rs7262414
0.003420,rs1217226,rs11756275
0.003418,rs4713062,rs17696736
0.003416,rs7451149,rs1150683
0.003416,rs3811019,rs203885
0.003416,rs17013326,rs7745603
0.003415,rs203887,rs4767293
0.003415,rs1217396,rs7745603
0.003414,rs3790857,rs11052552
0.003413,rs200991,rs12924729
0.003410,rs7763910,rs7141328
0.003410,rs2523691,rs7398833
0.003409,rs7745603,rs11171739
0.003409,rs7745603,rs10807124
0.003409,rs4713062,rs10807124
0.003408,rs203888,rs12708716
0.003408,rs17720293,rs10744777
0.003407,rs9393708,rs10744777
0.003407,rs4456089,rs10807124
0.003405,rs9315704,rs10483456
0.003404,rs3811019,rs1873914
0.003404,rs1217227,rs203887
