Beta,SNP_A
0.581130,rs9272346
0.579289,rs9272723
0.565333,rs3129768
0.531831,rs6679677
0.531247,rs17116117
0.531139,rs9271850
0.527783,rs1230666
0.527057,rs17696736
0.526708,rs200481
0.526568,rs201002
0.526528,rs203884
0.526432,rs200995
0.526202,rs1233708
0.526176,rs2488457
0.526058,rs202906
0.526052,rs7763910
0.525994,rs9467704
0.525918,rs1525791
0.525858,rs200991
0.525412,rs12190473
0.525381,rs11171739
0.525355,rs10483456
0.525242,rs149946
0.525237,rs203888
0.525155,rs11756275
0.525138,rs149969
0.525067,rs7451149
0.525019,rs2523691
0.525000,rs10484399
0.524994,rs3790857
0.524957,rs10456045
0.524939,rs203887
0.524938,rs1217396
0.524816,rs2292239
0.524801,rs6894569
0.524798,rs1230649
0.524776,rs1230658
0.524770,rs1217200
0.524714,rs149970
0.524712,rs4358615
0.524672,rs17720293
0.524497,rs4713062
0.524364,rs9405484
0.524356,rs4456089
0.524229,rs10807124
0.524197,rs9746695
0.524170,rs9379851
0.524135,rs1217227
0.524134,rs17013326
0.524109,rs12924729
0.524092,rs1113523
0.524091,rs9393708
0.524056,rs1217226
0.524011,rs7745603
0.523955,rs2237236
0.523936,rs1873914
0.523818,rs12708716
0.523816,rs3734536
0.523725,rs705702
0.523705,rs4767293
0.523670,rs11052552
0.523655,rs3811019
0.523653,rs705698
0.523634,rs10744777
0.523551,rs4766517
0.523518,rs6592988
0.523509,rs523383
0.523468,rs2106407
0.523462,rs12815195
0.523449,rs10849946
0.523411,rs7398833
0.523353,rs886125
0.523350,rs17388568
0.523300,rs1150683
0.523282,rs330483
0.523278,rs16899778
0.523271,rs1225709
0.523256,rs1871695
0.523238,rs806971
0.523210,rs41515647
0.523210,rs10776775
0.523200,rs1235005
0.523197,rs203885
0.523154,rs903228
0.523149,rs12321677
0.523134,rs3742000
0.523120,rs4769283
0.523084,rs7262414
0.523066,rs1025450
0.523052,rs2114870
0.523005,rs634389
0.522983,rs231726
0.522941,rs6441961
0.522900,rs11052372
0.522888,rs17361077
0.522849,rs382745
0.522846,rs12958322
0.522808,rs1427676
0.522806,rs1362323
0.522800,rs2269241
0.522779,rs7157296
0.522759,rs285753
0.522755,rs2269239
0.522724,rs3803676
0.522701,rs3757148
0.522691,rs16927327
0.522667,rs17005850
0.522649,rs240462
0.522634,rs7310460
0.522631,rs11231787
0.522630,rs7539261
0.522620,rs10500664
0.522618,rs4643
0.522613,rs16891417
0.522562,rs2269238
0.522550,rs6578252
0.522537,rs2099106
0.522537,rs1354728
0.522508,rs10934261
0.522497,rs893379
0.522495,rs9315704
0.522471,rs2148895
0.522469,rs640333
0.522458,rs7141328
0.522450,rs10489532
0.522440,rs17681592
0.522440,rs17019726
0.522424,rs12640177
0.522419,rs2823543
0.522415,rs2868853
0.522410,rs10187034
0.522380,rs2086346
0.522377,rs3787249
0.522364,rs4244387
0.522361,rs11030132
0.522347,rs10894554
0.522345,rs7797620
0.522331,rs13231142
0.522317,rs3013713
0.522312,rs7605430
0.522283,rs10500023
0.522279,rs1409612
0.522264,rs9395726
0.522253,rs2383894
0.522250,rs11145084
0.522232,rs10953730
0.522231,rs7570606
0.522210,rs8075641
0.522200,rs742872
0.522198,rs4512315
0.522198,rs2736029
0.522194,rs12907720
0.522191,rs11009231
0.522189,rs2154420
0.522189,rs10989147
0.522187,rs12262251
0.522173,rs4763879
0.522171,rs742871
0.522166,rs11012514
0.522155,rs12698637
0.522154,rs7170060
0.522153,rs2013012
0.522149,rs10486748
0.522141,rs11817725
0.522139,rs6905596
0.522136,rs3776069
0.522136,rs33874
0.522132,rs843220
0.522129,rs843229
0.522117,rs2691787
0.522116,rs11208264
0.522114,rs9967792
0.522107,rs6738339
0.522099,rs17074703
0.522082,rs9901454
0.522082,rs973836
0.522066,rs41360748
0.522066,rs17296387
0.522066,rs10517031
0.522060,rs17113557
0.522058,rs4467992
0.522051,rs11012515
0.522039,rs4821197
0.522038,rs41382949
0.522036,rs10741734
0.522034,rs11937825
0.522011,rs10989154
0.521999,rs6019687
0.521997,rs16945811
0.521993,rs10834986
0.521991,rs7945815
0.521990,rs17134152
0.521982,rs2041718
0.521970,rs10848821
0.521965,rs4607417
0.521954,rs11024835
0.521947,rs12548378
0.521944,rs641696
0.521940,rs401072
0.521938,rs341160
0.521938,rs16978732
0.521937,rs11678712
0.521930,rs6706577
0.521927,rs17136882
0.521910,rs13207033
0.521898,rs7783847
0.521893,rs1058425
0.521892,rs6721746
0.521878,rs13252935
0.521858,rs2472764
0.521852,rs7865618
0.521850,rs11126425
0.521847,rs1908241
0.521846,rs7049149
0.521839,rs4669048
0.521834,rs1421972
0.521826,rs2127392
0.521823,rs1880959
0.521814,rs7793221
0.521808,rs1906460
0.521807,rs7995795
0.521805,rs12339163
0.521785,rs9920491
0.521779,rs1542038
0.521769,rs6855006
0.521768,rs445722
0.521768,rs411567
0.521768,rs11223425
0.521766,rs6732505
0.521764,rs782916
0.521762,rs2622932
0.521759,rs9919651
0.521756,rs919197
0.521755,rs10734407
0.521754,rs4237016
0.521754,rs357906
0.521752,rs4361128
0.521735,rs6552214
0.521729,rs17598279
0.521728,rs4741389
0.521728,rs16841378
0.521725,rs10958514
0.521719,rs738494
0.521719,rs1538285
0.521719,rs10853223
0.521712,rs6598368
0.521710,rs6498657
0.521706,rs511296
0.521705,rs2326671
0.521701,rs9313891
0.521701,rs7016814
0.521698,rs2429542
0.521698,rs202961
0.521696,rs12686004
0.521692,rs10187227
0.521691,rs480617
0.521689,rs7258789
0.521687,rs7260268
0.521683,rs11733005
0.521682,rs41513350
0.521680,rs10859739
0.521676,rs2245720
0.521671,rs4792677
0.521669,rs7027501
0.521668,rs4129934
0.521666,rs10487463
0.521660,rs7633316
0.521651,rs4959824
0.521648,rs6865359
0.521646,rs13049227
0.521642,rs8095920
0.521638,rs1574190
0.521622,rs12706005
0.521618,rs2714049
0.521614,rs10970529
0.521613,rs2842107
0.521609,rs2824545
0.521609,rs12152099
0.521603,rs9375615
0.521602,rs2274818
0.521601,rs12296139
0.521599,rs1879610
0.521596,rs10989523
0.521586,rs12444385
0.521584,rs17547358
0.521583,rs16933680
0.521582,rs17149361
0.521579,rs7823184
0.521577,rs843219
0.521574,rs2155373
0.521568,rs2426414
0.521565,rs2128345
0.521564,rs649057
0.521562,rs7042668
0.521561,rs5994443
0.521558,rs1884058
0.521539,rs10507331
0.521538,rs1109364
0.521536,rs11226253
0.521533,rs7556598
0.521531,rs6477673
0.521527,rs17724409
0.521517,rs8032900
0.521508,rs4713843
0.521498,rs6734603
0.521493,rs347671
0.521492,rs859065
0.521490,rs10824347
0.521487,rs10511176
0.521476,rs7860467
0.521465,rs1052912
0.521455,rs1430306
0.521449,rs2112594
0.521444,rs1566222
0.521439,rs2703061
0.521435,rs4933971
0.521435,rs2347227
0.521435,rs10035262
0.521431,rs9840380
0.521429,rs16888486
0.521426,rs9900326
0.521423,rs770497
0.521422,rs2153219
0.521420,rs10258077
0.521418,rs10012103
0.521414,rs10502353
0.521410,rs4979354
0.521402,rs1456243
0.521398,rs433900
0.521396,rs7955585
0.521396,rs1435447
0.521392,rs17226595
0.521389,rs9365243
0.521389,rs1176740
0.521388,rs11700615
0.521385,rs10028496
0.521380,rs9375850
0.521378,rs2316667
0.521375,rs17149833
0.521372,rs2367291
0.521371,rs1176738
0.521369,rs17649710
0.521367,rs2924611
0.521366,rs465353
0.521355,rs7780008
0.521347,rs9874351
0.521346,rs17237810
0.521346,rs1468752
0.521339,rs17160736
0.521338,rs2018967
0.521334,rs10500712
0.521332,rs17459837
0.521331,rs1176739
0.521330,rs6583353
0.521327,rs1263978
0.521326,rs2246050
0.521325,rs2115763
0.521324,rs6900557
0.521322,rs11081333
0.521321,rs12512973
0.521316,rs17824343
0.521310,rs725146
0.521310,rs6799147
0.521310,rs345778
0.521302,rs1176741
0.521299,rs11858454
0.521294,rs1398293
0.521284,rs6893115
0.521283,rs3903230
0.521277,rs959454
0.521272,rs249900
0.521271,rs2190759
0.521271,rs10876266
0.521268,rs17659728
0.521267,rs17025857
0.521264,rs4869324
0.521264,rs2545886
0.521264,rs11081349
0.521259,rs17116145
0.521252,rs630247
0.521249,rs13258552
0.521244,rs1918317
0.521244,rs17005996
0.521243,rs10926688
0.521239,rs2566878
0.521233,rs1333051
0.521229,rs10764114
0.521227,rs9930029
0.521227,rs8066419
0.521227,rs1542487
0.521223,rs11110901
0.521215,rs3735361
0.521208,rs13042906
0.521203,rs135475
0.521200,rs10498055
0.521197,rs2348914
0.521193,rs12340663
0.521187,rs1154842
0.521187,rs1135438
0.521174,rs2889135
0.521174,rs2881691
0.521172,rs6798623
0.521167,rs17699419
0.521165,rs17245482
0.521162,rs7829537
0.521157,rs1879944
0.521157,rs10104304
0.521156,rs9554296
0.521149,rs1264882
0.521146,rs11134165
0.521144,rs2804672
0.521144,rs11097684
0.521143,rs8117563
0.521143,rs1686806
0.521140,rs10504164
0.521136,rs4678205
0.521128,rs12895242
0.521125,rs2415436
0.521124,rs11747270
0.521120,rs355334
0.521119,rs1832871
0.521117,rs1354512
0.521117,rs11138830
0.521115,rs8008865
0.521115,rs4237348
0.521115,rs11606746
0.521107,rs7264923
0.521107,rs572474
0.521107,rs2491203
0.521101,rs9500256
0.521096,rs10849439
0.521091,rs13390216
0.521088,rs2876625
0.521085,rs17807093
0.521082,rs2289609
0.521082,rs1583945
0.521080,rs11838497
0.521080,rs10789970
0.521079,rs2399399
0.521078,rs2648654
0.521078,rs1593403
0.521077,rs17484678
0.521076,rs9554277
0.521075,rs927512
0.521073,rs439667
0.521067,rs2128427
0.521063,rs10500267
0.521060,rs1583947
0.521059,rs4663404
0.521054,rs17259942
0.521051,rs6075643
0.521049,rs2012378
0.521049,rs12673016
0.521043,rs494562
0.521043,rs4863613
0.521041,rs1772033
0.521039,rs323925
0.521039,rs12882996
0.521038,rs17610557
0.521036,rs17532157
0.521033,rs3821664
0.521032,rs11992320
0.521022,rs8032794
0.521011,rs17532479
0.521008,rs9616913
0.521008,rs2519200
0.521005,rs17060356
0.521002,rs6825299
0.520997,rs26949
0.520994,rs8063113
0.520988,rs4664951
0.520982,rs1515650
0.520981,rs10265492
0.520975,rs1019142
0.520974,rs893494
0.520967,rs7557611
0.520965,rs6810010
0.520959,rs17727191
0.520958,rs7730122
0.520953,rs17611093
0.520951,rs11201271
0.520949,rs17169926
0.520948,rs11604887
0.520948,rs11124231
0.520940,rs1409298
0.520939,rs17541153
0.520939,rs13218657
0.520935,rs9808969
0.520931,rs4673129
0.520931,rs2115454
0.520928,rs1633548
0.520927,rs2513574
0.520926,rs38760
0.520925,rs16910627
0.520921,rs1633550
0.520916,rs9367072
0.520915,rs6505974
0.520912,rs41464744
0.520910,rs875930
0.520909,rs43188
