source,target,Alpha,Beta,id,order
rs17116117,rs1176741,0.020571000000000002,0.0,rs17116117#rs1176741,2
rs17116117,rs1176738,0.020513,0.0,rs17116117#rs1176738,2
rs17116117,rs1176740,0.020489,0.0,rs17116117#rs1176740,2
rs17116117,rs17116145,0.020471,0.0,rs17116117#rs17116145,2
rs17116117,rs1176739,0.02035,0.0,rs17116117#rs1176739,2
rs3129768,rs9272346,0.018308,0.599438,rs3129768#rs9272346,2
rs3129768,rs9272723,0.01636,0.595649,rs3129768#rs9272723,2
rs2513574,rs17116117,0.014618,0.0,rs2513574#rs17116117,2
rs1633548,rs17116117,0.014582,0.0,rs1633548#rs17116117,2
rs9272723,rs17116117,0.018197,0.0,rs9272723#rs17116117#rs1176741,3
rs9272723,rs1176741,0.018197,0.0,rs9272723#rs17116117#rs1176741,3
rs17116117,rs1176741,0.018197,0.0,rs9272723#rs17116117#rs1176741,3
rs9272723,rs17116117,0.018087,0.0,rs9272723#rs17116117#rs1176738,3
rs9272723,rs1176738,0.018087,0.0,rs9272723#rs17116117#rs1176738,3
rs17116117,rs1176738,0.018087,0.0,rs9272723#rs17116117#rs1176738,3
rs9272723,rs17116117,0.017939,0.0,rs9272723#rs17116117#rs17116145,3
rs9272723,rs17116145,0.017939,0.0,rs9272723#rs17116117#rs17116145,3
rs17116117,rs17116145,0.017939,0.0,rs9272723#rs17116117#rs17116145,3
rs9272723,rs17116117,0.017906000000000002,0.0,rs9272723#rs17116117#rs1176740,3
rs9272723,rs1176740,0.017906000000000002,0.0,rs9272723#rs17116117#rs1176740,3
rs17116117,rs1176740,0.017906000000000002,0.0,rs9272723#rs17116117#rs1176740,3
rs9272346,rs17116117,0.01787,0.606792,rs9272346#rs17116117#rs1176741,3
rs9272346,rs1176741,0.01787,0.606792,rs9272346#rs17116117#rs1176741,3
rs17116117,rs1176741,0.01787,0.606792,rs9272346#rs17116117#rs1176741,3
rs9272346,rs17116117,0.017844,0.606766,rs9272346#rs17116117#rs1176738,3
rs9272346,rs1176738,0.017844,0.606766,rs9272346#rs17116117#rs1176738,3
rs17116117,rs1176738,0.017844,0.606766,rs9272346#rs17116117#rs1176738,3
rs9272723,rs17116117,0.017758000000000003,0.0,rs9272723#rs17116117#rs1176739,3
rs9272723,rs1176739,0.017758000000000003,0.0,rs9272723#rs17116117#rs1176739,3
rs17116117,rs1176739,0.017758000000000003,0.0,rs9272723#rs17116117#rs1176739,3
rs3129768,rs17116117,0.017725,0.0,rs3129768#rs17116117#rs1176741,3
rs3129768,rs1176741,0.017725,0.0,rs3129768#rs17116117#rs1176741,3
rs17116117,rs1176741,0.017725,0.0,rs3129768#rs17116117#rs1176741,3
rs9272346,rs17116117,0.017695,0.606617,rs9272346#rs17116117#rs17116145,3
rs9272346,rs17116145,0.017695,0.606617,rs9272346#rs17116117#rs17116145,3
rs17116117,rs17116145,0.017695,0.606617,rs9272346#rs17116117#rs17116145,3
rs3129768,rs9272346,0.01583,0.62275,rs3129768#rs9272346#rs17116117#rs1176741,4
rs3129768,rs17116117,0.01583,0.62275,rs3129768#rs9272346#rs17116117#rs1176741,4
rs3129768,rs1176741,0.01583,0.62275,rs3129768#rs9272346#rs17116117#rs1176741,4
rs9272346,rs17116117,0.01583,0.62275,rs3129768#rs9272346#rs17116117#rs1176741,4
rs9272346,rs1176741,0.01583,0.62275,rs3129768#rs9272346#rs17116117#rs1176741,4
rs17116117,rs1176741,0.01583,0.62275,rs3129768#rs9272346#rs17116117#rs1176741,4
rs3129768,rs9272346,0.015781,0.6227010000000001,rs3129768#rs9272346#rs17116117#rs1176740,4
rs3129768,rs17116117,0.015781,0.6227010000000001,rs3129768#rs9272346#rs17116117#rs1176740,4
rs3129768,rs1176740,0.015781,0.6227010000000001,rs3129768#rs9272346#rs17116117#rs1176740,4
rs9272346,rs17116117,0.015781,0.6227010000000001,rs3129768#rs9272346#rs17116117#rs1176740,4
rs9272346,rs1176740,0.015781,0.6227010000000001,rs3129768#rs9272346#rs17116117#rs1176740,4
rs17116117,rs1176740,0.015781,0.6227010000000001,rs3129768#rs9272346#rs17116117#rs1176740,4
rs3129768,rs9272346,0.015780000000000002,0.622699,rs3129768#rs9272346#rs17116117#rs1176738,4
rs3129768,rs17116117,0.015780000000000002,0.622699,rs3129768#rs9272346#rs17116117#rs1176738,4
rs3129768,rs1176738,0.015780000000000002,0.622699,rs3129768#rs9272346#rs17116117#rs1176738,4
rs9272346,rs17116117,0.015780000000000002,0.622699,rs3129768#rs9272346#rs17116117#rs1176738,4
rs9272346,rs1176738,0.015780000000000002,0.622699,rs3129768#rs9272346#rs17116117#rs1176738,4
rs17116117,rs1176738,0.015780000000000002,0.622699,rs3129768#rs9272346#rs17116117#rs1176738,4
rs3129768,rs9272346,0.015627000000000002,0.6225470000000001,rs3129768#rs9272346#rs17116117#rs1176739,4
rs3129768,rs17116117,0.015627000000000002,0.6225470000000001,rs3129768#rs9272346#rs17116117#rs1176739,4
rs3129768,rs1176739,0.015627000000000002,0.6225470000000001,rs3129768#rs9272346#rs17116117#rs1176739,4
rs9272346,rs17116117,0.015627000000000002,0.6225470000000001,rs3129768#rs9272346#rs17116117#rs1176739,4
rs9272346,rs1176739,0.015627000000000002,0.6225470000000001,rs3129768#rs9272346#rs17116117#rs1176739,4
rs17116117,rs1176739,0.015627000000000002,0.6225470000000001,rs3129768#rs9272346#rs17116117#rs1176739,4
rs3129768,rs9272346,0.015623,0.6225430000000001,rs3129768#rs9272346#rs17116117#rs17116145,4
rs3129768,rs17116117,0.015623,0.6225430000000001,rs3129768#rs9272346#rs17116117#rs17116145,4
rs3129768,rs17116145,0.015623,0.6225430000000001,rs3129768#rs9272346#rs17116117#rs17116145,4
rs9272346,rs17116117,0.015623,0.6225430000000001,rs3129768#rs9272346#rs17116117#rs17116145,4
rs9272346,rs17116145,0.015623,0.6225430000000001,rs3129768#rs9272346#rs17116117#rs17116145,4
rs17116117,rs17116145,0.015623,0.6225430000000001,rs3129768#rs9272346#rs17116117#rs17116145,4
rs3129768,rs9272723,0.014316999999999998,0.619296,rs3129768#rs9272723#rs17116117#rs1176740,4
rs3129768,rs17116117,0.014316999999999998,0.619296,rs3129768#rs9272723#rs17116117#rs1176740,4
rs3129768,rs1176740,0.014316999999999998,0.619296,rs3129768#rs9272723#rs17116117#rs1176740,4
rs9272723,rs17116117,0.014316999999999998,0.619296,rs3129768#rs9272723#rs17116117#rs1176740,4
rs9272723,rs1176740,0.014316999999999998,0.619296,rs3129768#rs9272723#rs17116117#rs1176740,4
rs17116117,rs1176740,0.014316999999999998,0.619296,rs3129768#rs9272723#rs17116117#rs1176740,4
rs3129768,rs9272723,0.014311,0.0,rs3129768#rs9272723#rs17116117#rs1176739,4
rs3129768,rs17116117,0.014311,0.0,rs3129768#rs9272723#rs17116117#rs1176739,4
rs3129768,rs1176739,0.014311,0.0,rs3129768#rs9272723#rs17116117#rs1176739,4
rs9272723,rs17116117,0.014311,0.0,rs3129768#rs9272723#rs17116117#rs1176739,4
rs9272723,rs1176739,0.014311,0.0,rs3129768#rs9272723#rs17116117#rs1176739,4
rs17116117,rs1176739,0.014311,0.0,rs3129768#rs9272723#rs17116117#rs1176739,4
rs3129768,rs9272723,0.014136000000000001,0.619406,rs3129768#rs9272723#rs17116117#rs1176741,4
rs3129768,rs17116117,0.014136000000000001,0.619406,rs3129768#rs9272723#rs17116117#rs1176741,4
rs3129768,rs1176741,0.014136000000000001,0.619406,rs3129768#rs9272723#rs17116117#rs1176741,4
rs9272723,rs17116117,0.014136000000000001,0.619406,rs3129768#rs9272723#rs17116117#rs1176741,4
rs9272723,rs1176741,0.014136000000000001,0.619406,rs3129768#rs9272723#rs17116117#rs1176741,4
rs17116117,rs1176741,0.014136000000000001,0.619406,rs3129768#rs9272723#rs17116117#rs1176741,4
rs3129768,rs9272723,0.014134,0.619294,rs3129768#rs9272723#rs17116117#rs1176738,4
rs3129768,rs17116117,0.014134,0.619294,rs3129768#rs9272723#rs17116117#rs1176738,4
rs3129768,rs1176738,0.014134,0.619294,rs3129768#rs9272723#rs17116117#rs1176738,4
rs9272723,rs17116117,0.014134,0.619294,rs3129768#rs9272723#rs17116117#rs1176738,4
rs9272723,rs1176738,0.014134,0.619294,rs3129768#rs9272723#rs17116117#rs1176738,4
rs17116117,rs1176738,0.014134,0.619294,rs3129768#rs9272723#rs17116117#rs1176738,4
rs6679677,rs9272346,0.0,0.5906779999999999,rs6679677#rs9272346,2
rs6679677,rs9272723,0.0,0.589041,rs6679677#rs9272723,2
rs9272346,rs17116117,0.0,0.5889220000000001,rs9272346#rs17116117,2
rs9271850,rs9272346,0.0,0.5888680000000001,rs9271850#rs9272346,2
rs2523691,rs9272346,0.0,0.587516,rs2523691#rs9272346,2
rs9272723,rs17116117,0.0,0.587073,rs9272723#rs17116117,2
rs1230666,rs9272346,0.0,0.58699,rs1230666#rs9272346,2
rs9271850,rs3129768,0.0,0.610849,rs9271850#rs3129768#rs9272346,3
rs9271850,rs9272346,0.0,0.610849,rs9271850#rs3129768#rs9272346,3
rs3129768,rs9272346,0.0,0.610849,rs9271850#rs3129768#rs9272346,3
rs6679677,rs3129768,0.0,0.609042,rs6679677#rs3129768#rs9272346,3
rs6679677,rs9272346,0.0,0.609042,rs6679677#rs3129768#rs9272346,3
rs3129768,rs9272346,0.0,0.609042,rs6679677#rs3129768#rs9272346,3
rs9271850,rs3129768,0.0,0.607476,rs9271850#rs3129768#rs9272723,3
rs9271850,rs9272723,0.0,0.607476,rs9271850#rs3129768#rs9272723,3
rs3129768,rs9272723,0.0,0.607476,rs9271850#rs3129768#rs9272723,3
rs3129768,rs9272346,0.0,0.60692,rs3129768#rs9272346#rs17116117,3
rs3129768,rs17116117,0.0,0.60692,rs3129768#rs9272346#rs17116117,3
rs9272346,rs17116117,0.0,0.60692,rs3129768#rs9272346#rs17116117,3
rs9272346,rs17116117,0.0,0.606588,rs9272346#rs17116117#rs1176740,3
rs9272346,rs1176740,0.0,0.606588,rs9272346#rs17116117#rs1176740,3
rs17116117,rs1176740,0.0,0.606588,rs9272346#rs17116117#rs1176740,3
rs9272346,rs17116117,0.0,0.606442,rs9272346#rs17116117#rs1176739,3
rs9272346,rs1176739,0.0,0.606442,rs9272346#rs17116117#rs1176739,3
rs17116117,rs1176739,0.0,0.606442,rs9272346#rs17116117#rs1176739,3
rs6679677,rs9271850,0.0,0.620837,rs6679677#rs9271850#rs3129768#rs9272346,4
rs6679677,rs3129768,0.0,0.620837,rs6679677#rs9271850#rs3129768#rs9272346,4
rs6679677,rs9272346,0.0,0.620837,rs6679677#rs9271850#rs3129768#rs9272346,4
rs9271850,rs3129768,0.0,0.620837,rs6679677#rs9271850#rs3129768#rs9272346,4
rs9271850,rs9272346,0.0,0.620837,rs6679677#rs9271850#rs3129768#rs9272346,4
rs3129768,rs9272346,0.0,0.620837,rs6679677#rs9271850#rs3129768#rs9272346,4
