id,name,order,Alpha,Beta,reason to exist,count
rs9272346,rs9272346,1,0.061342,0,Important,14
rs9272723,rs9272723,1,0.0595,0,Important,15
rs3129768,rs3129768,1,0.045544,0,Important,20
rs6679677,rs6679677,1,0.012042,0,Important,11
rs17116117,rs17116117,1,0.011459,0,Important,122
rs9271850,rs9271850,1,0.01135,0,Important,18
rs1230666,rs1230666,1,0.007995,0,Important,3
rs17696736,rs17696736,1,0.0072689999999999986,0,Important,10
rs200481,rs200481,1,0.00692,0,Important,1
rs201002,rs201002,1,0.006779,0,Important,None
rs203884,rs203884,1,0.00674,0,Important,1
rs200995,rs200995,1,0.0066430000000000005,0,Important,None
rs1233708,rs1233708,1,0.006412999999999999,0,Important,None
rs2488457,rs2488457,1,0.006388,0,Important,1
rs202906,rs202906,1,0.006268999999999999,0,Important,None
rs7763910,rs7763910,1,0.0062640000000000005,0,Important,4
rs9467704,rs9467704,1,0.006205,0,Important,None
rs1525791,rs1525791,1,0.00613,0,Important,3
rs200991,rs200991,1,0.00607,0,Important,None
rs12190473,rs12190473,1,0.0056240000000000005,0,Important,None
rs11171739,rs11171739,1,0.005593,0,Important,None
rs10483456,rs10483456,1,0.005567,0,Important,2
rs149946,rs149946,1,0.005453,0,Important,None
rs203888,rs203888,1,0.005449,0,Important,None
rs11756275,rs11756275,1,0.005367,0,Important,2
rs149969,rs149969,1,0.00535,0,Important,None
rs7451149,rs7451149,1,0.005278,0,Important,1
rs2523691,rs2523691,1,0.005229999999999999,0,Important,None
rs10484399,rs10484399,1,0.005212,0,Important,None
rs3790857,rs3790857,1,0.005205,0,Important,5
rs10456045,rs10456045,1,0.005169,0,Important,1
rs203887,rs203887,1,0.005151,0,Important,None
rs1217396,rs1217396,1,0.00515,0,Important,None
rs2292239,rs2292239,1,0.005028,0,Important,None
rs6894569,rs6894569,1,0.005013,0,Important,None
rs1230649,rs1230649,1,0.005009,0,Important,None
rs1230658,rs1230658,1,0.004988,0,Important,None
rs1217200,rs1217200,1,0.004982,0,Important,None
rs149970,rs149970,1,0.004926,0,Important,2
rs4358615,rs4358615,1,0.004922999999999999,0,Important,None
rs17720293,rs17720293,1,0.004884,0,Important,None
rs4713062,rs4713062,1,0.004708,0,Important,2
rs9405484,rs9405484,1,0.004576,0,Important,None
rs4456089,rs4456089,1,0.004567,0,Important,None
rs10807124,rs10807124,1,0.004441,0,Important,1
rs9746695,rs9746695,1,0.004409000000000001,0,Important,1
rs9379851,rs9379851,1,0.004382,0,Important,None
rs1217227,rs1217227,1,0.004346,0,Important,None
rs17013326,rs17013326,1,0.004345,0,Important,None
rs9315704,rs9315704,2,0.005985,0,Important,1
rs2269239,rs2269239,1,0.006029,0,Presentation,None
rs2519200,rs2519200,3,0.012012,0,Important,1
rs17610557,rs17610557,2,0.010965,0,Important,3
rs17532157,rs17532157,2,0.010884,0,Important,2
rs11606746,rs11606746,2,0.011085,0,Important,3
rs17611093,rs17611093,2,0.010938,0,Important,2
rs17532479,rs17532479,2,0.010708,0,Important,3
rs11604887,rs11604887,2,0.011033,0,Important,4
rs17541153,rs17541153,2,0.011025,0,Important,4
rs1633550,rs1633550,2,0.013000000000000001,0,Important,8
rs1633548,rs1633548,2,0.013512,0,Important,8
rs2513574,rs2513574,2,0.013666,0,Important,8
rs1176739,rs1176739,2,0.02035,0,Important,9
rs17116145,rs17116145,2,0.020471,0,Important,9
rs1176740,rs1176740,2,0.020489,0,Important,11
rs1176738,rs1176738,2,0.020513,0,Important,11
rs1176741,rs1176741,2,0.020571000000000002,0,Important,11
rs6592988,rs6592988,4,0.011148,0,Important,1
rs3734536,rs3734536,2,0.011148,0,Important,1
rs4361128,rs4361128,1,0.011148,0,Presentation,1
rs1873914,rs1873914,4,0.011167,0,Important,1
rs10834986,rs10834986,3,0.011167,0,Important,1
rs1430306,rs1430306,2,0.011167,0,Important,1
rs4643,rs4643,1,0.011167,0,Presentation,1
rs1362323,rs1362323,3,0.011705,0,Important,3
rs17681592,rs17681592,3,0.011169,0,Important,1
rs12924729,rs12924729,4,0.012001000000000001,0,Important,2
rs17019726,rs17019726,2,0.011177,0,Important,1
rs10776775,rs10776775,1,0.011177,0,Presentation,1
rs12548378,rs12548378,4,0.01126,0,Important,1
rs26949,rs26949,1,0.01126,0,Presentation,1
rs2154420,rs2154420,4,0.011275,0,Important,1
rs6477673,rs6477673,3,0.011275,0,Important,1
rs3803676,rs3803676,4,0.011343,0,Important,2
rs11052552,rs11052552,4,0.011299,0,Important,1
rs10848821,rs10848821,3,0.011378000000000001,0,Important,3
rs1908241,rs1908241,2,0.011299,0,Important,1
rs3013713,rs3013713,3,0.011636,0,Important,2
rs2868853,rs2868853,4,0.011315,0,Important,1
rs17005850,rs17005850,2,0.011315,0,Important,1
rs10741734,rs10741734,4,0.011316,0,Important,1
rs2112594,rs2112594,2,0.011316,0,Important,1
rs1235005,rs1235005,1,0.011316,0,Presentation,1
rs12444385,rs12444385,4,0.011322,0,Important,1
rs2415436,rs2415436,3,0.011322,0,Important,1
rs17025857,rs17025857,2,0.011322,0,Important,1
rs6798623,rs6798623,1,0.011322,0,Presentation,1
rs7945815,rs7945815,3,0.011343,0,Important,1
rs2237236,rs2237236,1,0.011343,0,Presentation,1
rs11052372,rs11052372,4,0.011378000000000001,0,Important,2
rs12708716,rs12708716,4,0.011604999999999999,0,Important,1
rs4763879,rs4763879,3,0.012327,0,Important,3
rs6441961,rs6441961,1,0.012327,0,Presentation,3
rs641696,rs641696,4,0.011636,0,Important,1
rs17226595,rs17226595,1,0.011636,0,Presentation,1
rs382745,rs382745,4,0.011705,0,Important,1
rs6019687,rs6019687,4,0.012894,0,Important,1
rs4129934,rs4129934,3,0.012894,0,Important,1
rs17388568,rs17388568,1,0.012894,0,Presentation,1
