id,source,target,interaction,order
N0,N0N3N37,N0,N0N3N37,3
N3,N0N3N37,N3,N0N3N37,3
N37,N0N3N37,N37,N0N3N37,3
N0,N0N6N19,N0,N0N6N19,3
N6,N0N6N19,N6,N0N6N19,3
N19,N0N6N19,N19,N0N6N19,3
N0,N0N6M1T3,N0,N0N6M1T3,3
N6,N0N6M1T3,N6,N0N6M1T3,3
M1T3,N0N6M1T3,M1T3,N0N6M1T3,3
N0,N0N17M0P1,N0,N0N17M0P1,3
N17,N0N17M0P1,N17,N0N17M0P1,3
M0P1,N0N17M0P1,M0P1,N0N17M0P1,3
N0,N0N20N34,N0,N0N20N34,3
N20,N0N20N34,N20,N0N20N34,3
N34,N0N20N34,N34,N0N20N34,3
N0,N0N22M2Q3,N0,N0N22M2Q3,3
N22,N0N22M2Q3,N22,N0N22M2Q3,3
M2Q3,N0N22M2Q3,M2Q3,N0N22M2Q3,3
N0,N0N24M1T1,N0,N0N24M1T1,3
N24,N0N24M1T1,N24,N0N24M1T1,3
M1T1,N0N24M1T1,M1T1,N0N24M1T1,3
N0,N0N26M1T3,N0,N0N26M1T3,3
N26,N0N26M1T3,N26,N0N26M1T3,3
M1T3,N0N26M1T3,M1T3,N0N26M1T3,3
N0,N0N28M0P2,N0,N0N28M0P2,3
N28,N0N28M0P2,N28,N0N28M0P2,3
M0P2,N0N28M0P2,M0P2,N0N28M0P2,3
N0,N0N28M2Q2,N0,N0N28M2Q2,3
N28,N0N28M2Q2,N28,N0N28M2Q2,3
M2Q2,N0N28M2Q2,M2Q2,N0N28M2Q2,3
N0,N0N29N33,N0,N0N29N33,3
N29,N0N29N33,N29,N0N29N33,3
N33,N0N29N33,N33,N0N29N33,3
N0,N0N30M0P2,N0,N0N30M0P2,3
N30,N0N30M0P2,N30,N0N30M0P2,3
M0P2,N0N30M0P2,M0P2,N0N30M0P2,3
N0,N0N31M1T3,N0,N0N31M1T3,3
N31,N0N31M1T3,N31,N0N31M1T3,3
M1T3,N0N31M1T3,M1T3,N0N31M1T3,3
N0,N0N34N39,N0,N0N34N39,3
N34,N0N34N39,N34,N0N34N39,3
N39,N0N34N39,N39,N0N34N39,3
N0,N0N40M1T2,N0,N0N40M1T2,3
N40,N0N40M1T2,N40,N0N40M1T2,3
M1T2,N0N40M1T2,M1T2,N0N40M1T2,3
N0,N0N40M2Q2,N0,N0N40M2Q2,3
N40,N0N40M2Q2,N40,N0N40M2Q2,3
M2Q2,N0N40M2Q2,M2Q2,N0N40M2Q2,3
N0,N0M2Q2M2Q4,N0,N0M2Q2M2Q4,3
M2Q2,N0M2Q2M2Q4,M2Q2,N0M2Q2M2Q4,3
M2Q4,N0M2Q2M2Q4,M2Q4,N0M2Q2M2Q4,3
N1,N1N19N37,N1,N1N19N37,3
N19,N1N19N37,N19,N1N19N37,3
N37,N1N19N37,N37,N1N19N37,3
N2,N2N3N20,N2,N2N3N20,3
N3,N2N3N20,N3,N2N3N20,3
N20,N2N3N20,N20,N2N3N20,3
N2,N2N4M2Q2,N2,N2N4M2Q2,3
N4,N2N4M2Q2,N4,N2N4M2Q2,3
M2Q2,N2N4M2Q2,M2Q2,N2N4M2Q2,3
N2,N2N9N12,N2,N2N9N12,3
N9,N2N9N12,N9,N2N9N12,3
N12,N2N9N12,N12,N2N9N12,3
N2,N2N11N12,N2,N2N11N12,3
N11,N2N11N12,N11,N2N11N12,3
N12,N2N11N12,N12,N2N11N12,3
N2,N2N11N24,N2,N2N11N24,3
N11,N2N11N24,N11,N2N11N24,3
N24,N2N11N24,N24,N2N11N24,3
N2,N2N12N24,N2,N2N12N24,3
N12,N2N12N24,N12,N2N12N24,3
N24,N2N12N24,N24,N2N12N24,3
N2,N2N12N31,N2,N2N12N31,3
N12,N2N12N31,N12,N2N12N31,3
N31,N2N12N31,N31,N2N12N31,3
N2,N2N12M0P1,N2,N2N12M0P1,3
N12,N2N12M0P1,N12,N2N12M0P1,3
M0P1,N2N12M0P1,M0P1,N2N12M0P1,3
N2,N2N12M1T1,N2,N2N12M1T1,3
N12,N2N12M1T1,N12,N2N12M1T1,3
M1T1,N2N12M1T1,M1T1,N2N12M1T1,3
N2,N2N16M1T2,N2,N2N16M1T2,3
N16,N2N16M1T2,N16,N2N16M1T2,3
M1T2,N2N16M1T2,M1T2,N2N16M1T2,3
N2,N2N20N22,N2,N2N20N22,3
N20,N2N20N22,N20,N2N20N22,3
N22,N2N20N22,N22,N2N20N22,3
N2,N2N22N24,N2,N2N22N24,3
N22,N2N22N24,N22,N2N22N24,3
N24,N2N22N24,N24,N2N22N24,3
N2,N2N22M0P2,N2,N2N22M0P2,3
N22,N2N22M0P2,N22,N2N22M0P2,3
M0P2,N2N22M0P2,M0P2,N2N22M0P2,3
N2,N2N24N31,N2,N2N24N31,3
N24,N2N24N31,N24,N2N24N31,3
N31,N2N24N31,N31,N2N24N31,3
N2,N2N24M1T1,N2,N2N24M1T1,3
N24,N2N24M1T1,N24,N2N24M1T1,3
M1T1,N2N24M1T1,M1T1,N2N24M1T1,3
N2,N2N24M1T3,N2,N2N24M1T3,3
N24,N2N24M1T3,N24,N2N24M1T3,3
M1T3,N2N24M1T3,M1T3,N2N24M1T3,3
N2,N2N27M0P1,N2,N2N27M0P1,3
N27,N2N27M0P1,N27,N2N27M0P1,3
M0P1,N2N27M0P1,M0P1,N2N27M0P1,3
N2,N2N30M0P2,N2,N2N30M0P2,3
N30,N2N30M0P2,N30,N2N30M0P2,3
M0P2,N2N30M0P2,M0P2,N2N30M0P2,3
N2,N2N31N36,N2,N2N31N36,3
N31,N2N31N36,N31,N2N31N36,3
N36,N2N31N36,N36,N2N31N36,3
N2,N2N32M2Q3,N2,N2N32M2Q3,3
N32,N2N32M2Q3,N32,N2N32M2Q3,3
M2Q3,N2N32M2Q3,M2Q3,N2N32M2Q3,3
N2,N2N33N37,N2,N2N33N37,3
N33,N2N33N37,N33,N2N33N37,3
N37,N2N33N37,N37,N2N33N37,3
N2,N2N33M1T1,N2,N2N33M1T1,3
N33,N2N33M1T1,N33,N2N33M1T1,3
M1T1,N2N33M1T1,M1T1,N2N33M1T1,3
N2,N2N36M2Q1,N2,N2N36M2Q1,3
N36,N2N36M2Q1,N36,N2N36M2Q1,3
M2Q1,N2N36M2Q1,M2Q1,N2N36M2Q1,3
N2,N2M0P1M2Q1,N2,N2M0P1M2Q1,3
M0P1,N2M0P1M2Q1,M0P1,N2M0P1M2Q1,3
M2Q1,N2M0P1M2Q1,M2Q1,N2M0P1M2Q1,3
N2,N2M0P1M2Q3,N2,N2M0P1M2Q3,3
M0P1,N2M0P1M2Q3,M0P1,N2M0P1M2Q3,3
M2Q3,N2M0P1M2Q3,M2Q3,N2M0P1M2Q3,3
N2,N2M1T1M2Q2,N2,N2M1T1M2Q2,3
M1T1,N2M1T1M2Q2,M1T1,N2M1T1M2Q2,3
M2Q2,N2M1T1M2Q2,M2Q2,N2M1T1M2Q2,3
N3,N3N9N36,N3,N3N9N36,3
N9,N3N9N36,N9,N3N9N36,3
N36,N3N9N36,N36,N3N9N36,3
N3,N3N9N37,N3,N3N9N37,3
N9,N3N9N37,N9,N3N9N37,3
N37,N3N9N37,N37,N3N9N37,3
N3,N3N9N39,N3,N3N9N39,3
N9,N3N9N39,N9,N3N9N39,3
N39,N3N9N39,N39,N3N9N39,3
N3,N3N9M1T1,N3,N3N9M1T1,3
N9,N3N9M1T1,N9,N3N9M1T1,3
M1T1,N3N9M1T1,M1T1,N3N9M1T1,3
N3,N3N15M1T3,N3,N3N15M1T3,3
N15,N3N15M1T3,N15,N3N15M1T3,3
M1T3,N3N15M1T3,M1T3,N3N15M1T3,3
N3,N3N19M0P2,N3,N3N19M0P2,3
N19,N3N19M0P2,N19,N3N19M0P2,3
M0P2,N3N19M0P2,M0P2,N3N19M0P2,3
N3,N3N31M1T3,N3,N3N31M1T3,3
N31,N3N31M1T3,N31,N3N31M1T3,3
M1T3,N3N31M1T3,M1T3,N3N31M1T3,3
N3,N3N35N37,N3,N3N35N37,3
N35,N3N35N37,N35,N3N35N37,3
N37,N3N35N37,N37,N3N35N37,3
N3,N3N37M1T1,N3,N3N37M1T1,3
N37,N3N37M1T1,N37,N3N37M1T1,3
M1T1,N3N37M1T1,M1T1,N3N37M1T1,3
N3,N3N37M2Q1,N3,N3N37M2Q1,3
N37,N3N37M2Q1,N37,N3N37M2Q1,3
M2Q1,N3N37M2Q1,M2Q1,N3N37M2Q1,3
N3,N3M1T1M1T3,N3,N3M1T1M1T3,3
M1T1,N3M1T1M1T3,M1T1,N3M1T1M1T3,3
M1T3,N3M1T1M1T3,M1T3,N3M1T1M1T3,3
N3,N3M1T2M1T3,N3,N3M1T2M1T3,3
M1T2,N3M1T2M1T3,M1T2,N3M1T2M1T3,3
M1T3,N3M1T2M1T3,M1T3,N3M1T2M1T3,3
N4,N4N35M2Q4,N4,N4N35M2Q4,3
N35,N4N35M2Q4,N35,N4N35M2Q4,3
M2Q4,N4N35M2Q4,M2Q4,N4N35M2Q4,3
N6,N6N7M2Q1,N6,N6N7M2Q1,3
N7,N6N7M2Q1,N7,N6N7M2Q1,3
M2Q1,N6N7M2Q1,M2Q1,N6N7M2Q1,3
N6,N6N10N40,N6,N6N10N40,3
N10,N6N10N40,N10,N6N10N40,3
N40,N6N10N40,N40,N6N10N40,3
N6,N6N11N18,N6,N6N11N18,3
N11,N6N11N18,N11,N6N11N18,3
N18,N6N11N18,N18,N6N11N18,3
N6,N6N11N22,N6,N6N11N22,3
N11,N6N11N22,N11,N6N11N22,3
N22,N6N11N22,N22,N6N11N22,3
N6,N6N12N34,N6,N6N12N34,3
N12,N6N12N34,N12,N6N12N34,3
N34,N6N12N34,N34,N6N12N34,3
N6,N6N19N31,N6,N6N19N31,3
N19,N6N19N31,N19,N6N19N31,3
N31,N6N19N31,N31,N6N19N31,3
N6,N6N20N31,N6,N6N20N31,3
N20,N6N20N31,N20,N6N20N31,3
N31,N6N20N31,N31,N6N20N31,3
N6,N6N20N34,N6,N6N20N34,3
N20,N6N20N34,N20,N6N20N34,3
N34,N6N20N34,N34,N6N20N34,3
N6,N6N20M2Q1,N6,N6N20M2Q1,3
N20,N6N20M2Q1,N20,N6N20M2Q1,3
M2Q1,N6N20M2Q1,M2Q1,N6N20M2Q1,3
N6,N6N26N28,N6,N6N26N28,3
N26,N6N26N28,N26,N6N26N28,3
N28,N6N26N28,N28,N6N26N28,3
N6,N6N31M2Q1,N6,N6N31M2Q1,3
N31,N6N31M2Q1,N31,N6N31M2Q1,3
M2Q1,N6N31M2Q1,M2Q1,N6N31M2Q1,3
N6,N6N34N38,N6,N6N34N38,3
N34,N6N34N38,N34,N6N34N38,3
N38,N6N34N38,N38,N6N34N38,3
N6,N6N34M2Q1,N6,N6N34M2Q1,3
N34,N6N34M2Q1,N34,N6N34M2Q1,3
M2Q1,N6N34M2Q1,M2Q1,N6N34M2Q1,3
N6,N6N34M2Q2,N6,N6N34M2Q2,3
N34,N6N34M2Q2,N34,N6N34M2Q2,3
M2Q2,N6N34M2Q2,M2Q2,N6N34M2Q2,3
N6,N6N40M1T1,N6,N6N40M1T1,3
N40,N6N40M1T1,N40,N6N40M1T1,3
M1T1,N6N40M1T1,M1T1,N6N40M1T1,3
N6,N6M0P1M1T1,N6,N6M0P1M1T1,3
M0P1,N6M0P1M1T1,M0P1,N6M0P1M1T1,3
M1T1,N6M0P1M1T1,M1T1,N6M0P1M1T1,3
N7,N7N18N35,N7,N7N18N35,3
N18,N7N18N35,N18,N7N18N35,3
N35,N7N18N35,N35,N7N18N35,3
N7,N7N18M1T3,N7,N7N18M1T3,3
N18,N7N18M1T3,N18,N7N18M1T3,3
M1T3,N7N18M1T3,M1T3,N7N18M1T3,3
N7,N7N20N29,N7,N7N20N29,3
N20,N7N20N29,N20,N7N20N29,3
N29,N7N20N29,N29,N7N20N29,3
N7,N7N20N35,N7,N7N20N35,3
N20,N7N20N35,N20,N7N20N35,3
N35,N7N20N35,N35,N7N20N35,3
N7,N7N22M2Q4,N7,N7N22M2Q4,3
N22,N7N22M2Q4,N22,N7N22M2Q4,3
M2Q4,N7N22M2Q4,M2Q4,N7N22M2Q4,3
N7,N7N30N36,N7,N7N30N36,3
N30,N7N30N36,N30,N7N30N36,3
N36,N7N30N36,N36,N7N30N36,3
N7,N7N31N36,N7,N7N31N36,3
N31,N7N31N36,N31,N7N31N36,3
N36,N7N31N36,N36,N7N31N36,3
N7,N7N31M1T3,N7,N7N31M1T3,3
N31,N7N31M1T3,N31,N7N31M1T3,3
M1T3,N7N31M1T3,M1T3,N7N31M1T3,3
N7,N7N31M2Q3,N7,N7N31M2Q3,3
N31,N7N31M2Q3,N31,N7N31M2Q3,3
M2Q3,N7N31M2Q3,M2Q3,N7N31M2Q3,3
N7,N7N36M2Q3,N7,N7N36M2Q3,3
N36,N7N36M2Q3,N36,N7N36M2Q3,3
M2Q3,N7N36M2Q3,M2Q3,N7N36M2Q3,3
N8,N8N24N39,N8,N8N24N39,3
N24,N8N24N39,N24,N8N24N39,3
N39,N8N24N39,N39,N8N24N39,3
N8,N8N30M2Q4,N8,N8N30M2Q4,3
N30,N8N30M2Q4,N30,N8N30M2Q4,3
M2Q4,N8N30M2Q4,M2Q4,N8N30M2Q4,3
N9,N9N10M1T3,N9,N9N10M1T3,3
N10,N9N10M1T3,N10,N9N10M1T3,3
M1T3,N9N10M1T3,M1T3,N9N10M1T3,3
N9,N9N11N12,N9,N9N11N12,3
N11,N9N11N12,N11,N9N11N12,3
N12,N9N11N12,N12,N9N11N12,3
N9,N9N12N18,N9,N9N12N18,3
N12,N9N12N18,N12,N9N12N18,3
N18,N9N12N18,N18,N9N12N18,3
N9,N9N12N20,N9,N9N12N20,3
N12,N9N12N20,N12,N9N12N20,3
N20,N9N12N20,N20,N9N12N20,3
N9,N9N12M1T1,N9,N9N12M1T1,3
N12,N9N12M1T1,N12,N9N12M1T1,3
M1T1,N9N12M1T1,M1T1,N9N12M1T1,3
N9,N9N12M2Q1,N9,N9N12M2Q1,3
N12,N9N12M2Q1,N12,N9N12M2Q1,3
M2Q1,N9N12M2Q1,M2Q1,N9N12M2Q1,3
N9,N9N15M0P1,N9,N9N15M0P1,3
N15,N9N15M0P1,N15,N9N15M0P1,3
M0P1,N9N15M0P1,M0P1,N9N15M0P1,3
N9,N9N15M2Q1,N9,N9N15M2Q1,3
N15,N9N15M2Q1,N15,N9N15M2Q1,3
M2Q1,N9N15M2Q1,M2Q1,N9N15M2Q1,3
N9,N9N20N39,N9,N9N20N39,3
N20,N9N20N39,N20,N9N20N39,3
N39,N9N20N39,N39,N9N20N39,3
N9,N9N36M1T2,N9,N9N36M1T2,3
N36,N9N36M1T2,N36,N9N36M1T2,3
M1T2,N9N36M1T2,M1T2,N9N36M1T2,3
N9,N9N37M2Q1,N9,N9N37M2Q1,3
N37,N9N37M2Q1,N37,N9N37M2Q1,3
M2Q1,N9N37M2Q1,M2Q1,N9N37M2Q1,3
N9,N9N38M0P1,N9,N9N38M0P1,3
N38,N9N38M0P1,N38,N9N38M0P1,3
M0P1,N9N38M0P1,M0P1,N9N38M0P1,3
N9,N9N38M2Q1,N9,N9N38M2Q1,3
N38,N9N38M2Q1,N38,N9N38M2Q1,3
M2Q1,N9N38M2Q1,M2Q1,N9N38M2Q1,3
N9,N9M1T1M2Q3,N9,N9M1T1M2Q3,3
M1T1,N9M1T1M2Q3,M1T1,N9M1T1M2Q3,3
M2Q3,N9M1T1M2Q3,M2Q3,N9M1T1M2Q3,3
N10,N10N13N19,N10,N10N13N19,3
N13,N10N13N19,N13,N10N13N19,3
N19,N10N13N19,N19,N10N13N19,3
N10,N10N13N35,N10,N10N13N35,3
N13,N10N13N35,N13,N10N13N35,3
N35,N10N13N35,N35,N10N13N35,3
N10,N10N18N38,N10,N10N18N38,3
N18,N10N18N38,N18,N10N18N38,3
N38,N10N18N38,N38,N10N18N38,3
N10,N10N18M1T2,N10,N10N18M1T2,3
N18,N10N18M1T2,N18,N10N18M1T2,3
M1T2,N10N18M1T2,M1T2,N10N18M1T2,3
N10,N10N19N36,N10,N10N19N36,3
N19,N10N19N36,N19,N10N19N36,3
N36,N10N19N36,N36,N10N19N36,3
N10,N10N22M1T2,N10,N10N22M1T2,3
N22,N10N22M1T2,N22,N10N22M1T2,3
M1T2,N10N22M1T2,M1T2,N10N22M1T2,3
N10,N10N29N31,N10,N10N29N31,3
N29,N10N29N31,N29,N10N29N31,3
N31,N10N29N31,N31,N10N29N31,3
N10,N10N29N37,N10,N10N29N37,3
N29,N10N29N37,N29,N10N29N37,3
N37,N10N29N37,N37,N10N29N37,3
N10,N10N29M1T2,N10,N10N29M1T2,3
N29,N10N29M1T2,N29,N10N29M1T2,3
M1T2,N10N29M1T2,M1T2,N10N29M1T2,3
N10,N10M0P2M1T3,N10,N10M0P2M1T3,3
M0P2,N10M0P2M1T3,M0P2,N10M0P2M1T3,3
M1T3,N10M0P2M1T3,M1T3,N10M0P2M1T3,3
N10,N10M0P2M2Q4,N10,N10M0P2M2Q4,3
M0P2,N10M0P2M2Q4,M0P2,N10M0P2M2Q4,3
M2Q4,N10M0P2M2Q4,M2Q4,N10M0P2M2Q4,3
N10,N10M1T1M1T3,N10,N10M1T1M1T3,3
M1T1,N10M1T1M1T3,M1T1,N10M1T1M1T3,3
M1T3,N10M1T1M1T3,M1T3,N10M1T1M1T3,3
N10,N10M1T2M1T3,N10,N10M1T2M1T3,3
M1T2,N10M1T2M1T3,M1T2,N10M1T2M1T3,3
M1T3,N10M1T2M1T3,M1T3,N10M1T2M1T3,3
N11,N11N12N20,N11,N11N12N20,3
N12,N11N12N20,N12,N11N12N20,3
N20,N11N12N20,N20,N11N12N20,3
N11,N11N13N22,N11,N11N13N22,3
N13,N11N13N22,N13,N11N13N22,3
N22,N11N13N22,N22,N11N13N22,3
N11,N11N15M2Q4,N11,N11N15M2Q4,3
N15,N11N15M2Q4,N15,N11N15M2Q4,3
M2Q4,N11N15M2Q4,M2Q4,N11N15M2Q4,3
N11,N11N18N22,N11,N11N18N22,3
N18,N11N18N22,N18,N11N18N22,3
N22,N11N18N22,N22,N11N18N22,3
N11,N11N18N28,N11,N11N18N28,3
N18,N11N18N28,N18,N11N18N28,3
N28,N11N18N28,N28,N11N18N28,3
N11,N11N18M1T3,N11,N11N18M1T3,3
N18,N11N18M1T3,N18,N11N18M1T3,3
M1T3,N11N18M1T3,M1T3,N11N18M1T3,3
N11,N11N20N22,N11,N11N20N22,3
N20,N11N20N22,N20,N11N20N22,3
N22,N11N20N22,N22,N11N20N22,3
N11,N11N20M1T3,N11,N11N20M1T3,3
N20,N11N20M1T3,N20,N11N20M1T3,3
M1T3,N11N20M1T3,M1T3,N11N20M1T3,3
N11,N11N20M2Q1,N11,N11N20M2Q1,3
N20,N11N20M2Q1,N20,N11N20M2Q1,3
M2Q1,N11N20M2Q1,M2Q1,N11N20M2Q1,3
N11,N11N22N31,N11,N11N22N31,3
N22,N11N22N31,N22,N11N22N31,3
N31,N11N22N31,N31,N11N22N31,3
N11,N11N22M2Q4,N11,N11N22M2Q4,3
N22,N11N22M2Q4,N22,N11N22M2Q4,3
M2Q4,N11N22M2Q4,M2Q4,N11N22M2Q4,3
N11,N11N24N36,N11,N11N24N36,3
N24,N11N24N36,N24,N11N24N36,3
N36,N11N24N36,N36,N11N24N36,3
N11,N11N24N39,N11,N11N24N39,3
N24,N11N24N39,N24,N11N24N39,3
N39,N11N24N39,N39,N11N24N39,3
N11,N11N28M2Q3,N11,N11N28M2Q3,3
N28,N11N28M2Q3,N28,N11N28M2Q3,3
M2Q3,N11N28M2Q3,M2Q3,N11N28M2Q3,3
N11,N11N29M0P1,N11,N11N29M0P1,3
N29,N11N29M0P1,N29,N11N29M0P1,3
M0P1,N11N29M0P1,M0P1,N11N29M0P1,3
N11,N11N29M2Q3,N11,N11N29M2Q3,3
N29,N11N29M2Q3,N29,N11N29M2Q3,3
M2Q3,N11N29M2Q3,M2Q3,N11N29M2Q3,3
N11,N11N31N36,N11,N11N31N36,3
N31,N11N31N36,N31,N11N31N36,3
N36,N11N31N36,N36,N11N31N36,3
N11,N11N35M2Q1,N11,N11N35M2Q1,3
N35,N11N35M2Q1,N35,N11N35M2Q1,3
M2Q1,N11N35M2Q1,M2Q1,N11N35M2Q1,3
N11,N11M1T3M2Q1,N11,N11M1T3M2Q1,3
M1T3,N11M1T3M2Q1,M1T3,N11M1T3M2Q1,3
M2Q1,N11M1T3M2Q1,M2Q1,N11M1T3M2Q1,3
N12,N12N16N20,N12,N12N16N20,3
N16,N12N16N20,N16,N12N16N20,3
N20,N12N16N20,N20,N12N16N20,3
N12,N12N18N20,N12,N12N18N20,3
N18,N12N18N20,N18,N12N18N20,3
N20,N12N18N20,N20,N12N18N20,3
N12,N12N18M1T1,N12,N12N18M1T1,3
N18,N12N18M1T1,N18,N12N18M1T1,3
M1T1,N12N18M1T1,M1T1,N12N18M1T1,3
N12,N12N20N31,N12,N12N20N31,3
N20,N12N20N31,N20,N12N20N31,3
N31,N12N20N31,N31,N12N20N31,3
N12,N12N20N35,N12,N12N20N35,3
N20,N12N20N35,N20,N12N20N35,3
N35,N12N20N35,N35,N12N20N35,3
N12,N12N20N38,N12,N12N20N38,3
N20,N12N20N38,N20,N12N20N38,3
N38,N12N20N38,N38,N12N20N38,3
N12,N12N24N39,N12,N12N24N39,3
N24,N12N24N39,N24,N12N24N39,3
N39,N12N24N39,N39,N12N24N39,3
N12,N12N30N38,N12,N12N30N38,3
N30,N12N30N38,N30,N12N30N38,3
N38,N12N30N38,N38,N12N30N38,3
N12,N12N33N40,N12,N12N33N40,3
N33,N12N33N40,N33,N12N33N40,3
N40,N12N33N40,N40,N12N33N40,3
N12,N12N33M0P1,N12,N12N33M0P1,3
N33,N12N33M0P1,N33,N12N33M0P1,3
M0P1,N12N33M0P1,M0P1,N12N33M0P1,3
N12,N12N34N38,N12,N12N34N38,3
N34,N12N34N38,N34,N12N34N38,3
N38,N12N34N38,N38,N12N34N38,3
N12,N12N37M1T1,N12,N12N37M1T1,3
N37,N12N37M1T1,N37,N12N37M1T1,3
M1T1,N12N37M1T1,M1T1,N12N37M1T1,3
N12,N12M0P1M1T3,N12,N12M0P1M1T3,3
M0P1,N12M0P1M1T3,M0P1,N12M0P1M1T3,3
M1T3,N12M0P1M1T3,M1T3,N12M0P1M1T3,3
N12,N12M1T1M2Q3,N12,N12M1T1M2Q3,3
M1T1,N12M1T1M2Q3,M1T1,N12M1T1M2Q3,3
M2Q3,N12M1T1M2Q3,M2Q3,N12M1T1M2Q3,3
N13,N13N16N22,N13,N13N16N22,3
N16,N13N16N22,N16,N13N16N22,3
N22,N13N16N22,N22,N13N16N22,3
N13,N13N18N19,N13,N13N18N19,3
N18,N13N18N19,N18,N13N18N19,3
N19,N13N18N19,N19,N13N18N19,3
N13,N13N18M2Q3,N13,N13N18M2Q3,3
N18,N13N18M2Q3,N18,N13N18M2Q3,3
M2Q3,N13N18M2Q3,M2Q3,N13N18M2Q3,3
N13,N13N20N37,N13,N13N20N37,3
N20,N13N20N37,N20,N13N20N37,3
N37,N13N20N37,N37,N13N20N37,3
N13,N13N22N31,N13,N13N22N31,3
N22,N13N22N31,N22,N13N22N31,3
N31,N13N22N31,N31,N13N22N31,3
N13,N13N22N39,N13,N13N22N39,3
N22,N13N22N39,N22,N13N22N39,3
N39,N13N22N39,N39,N13N22N39,3
N13,N13N22M2Q4,N13,N13N22M2Q4,3
N22,N13N22M2Q4,N22,N13N22M2Q4,3
M2Q4,N13N22M2Q4,M2Q4,N13N22M2Q4,3
N13,N13N24M2Q1,N13,N13N24M2Q1,3
N24,N13N24M2Q1,N24,N13N24M2Q1,3
M2Q1,N13N24M2Q1,M2Q1,N13N24M2Q1,3
N13,N13N31N34,N13,N13N31N34,3
N31,N13N31N34,N31,N13N31N34,3
N34,N13N31N34,N34,N13N31N34,3
N13,N13N31M2Q3,N13,N13N31M2Q3,3
N31,N13N31M2Q3,N31,N13N31M2Q3,3
M2Q3,N13N31M2Q3,M2Q3,N13N31M2Q3,3
N13,N13N40M0P1,N13,N13N40M0P1,3
N40,N13N40M0P1,N40,N13N40M0P1,3
M0P1,N13N40M0P1,M0P1,N13N40M0P1,3
N14,N14N20M1T3,N14,N14N20M1T3,3
N20,N14N20M1T3,N20,N14N20M1T3,3
M1T3,N14N20M1T3,M1T3,N14N20M1T3,3
N14,N14N31M1T3,N14,N14N31M1T3,3
N31,N14N31M1T3,N31,N14N31M1T3,3
M1T3,N14N31M1T3,M1T3,N14N31M1T3,3
N15,N15N18M1T3,N15,N15N18M1T3,3
N18,N15N18M1T3,N18,N15N18M1T3,3
M1T3,N15N18M1T3,M1T3,N15N18M1T3,3
N15,N15N24N31,N15,N15N24N31,3
N24,N15N24N31,N24,N15N24N31,3
N31,N15N24N31,N31,N15N24N31,3
N15,N15N31M1T2,N15,N15N31M1T2,3
N31,N15N31M1T2,N31,N15N31M1T2,3
M1T2,N15N31M1T2,M1T2,N15N31M1T2,3
N15,N15N33M1T3,N15,N15N33M1T3,3
N33,N15N33M1T3,N33,N15N33M1T3,3
M1T3,N15N33M1T3,M1T3,N15N33M1T3,3
N15,N15M1T2M2Q2,N15,N15M1T2M2Q2,3
M1T2,N15M1T2M2Q2,M1T2,N15M1T2M2Q2,3
M2Q2,N15M1T2M2Q2,M2Q2,N15M1T2M2Q2,3
N16,N16N20N22,N16,N16N20N22,3
N20,N16N20N22,N20,N16N20N22,3
N22,N16N20N22,N22,N16N20N22,3
N16,N16N20N26,N16,N16N20N26,3
N20,N16N20N26,N20,N16N20N26,3
N26,N16N20N26,N26,N16N20N26,3
N16,N16N20N31,N16,N16N20N31,3
N20,N16N20N31,N20,N16N20N31,3
N31,N16N20N31,N31,N16N20N31,3
N16,N16N20N35,N16,N16N20N35,3
N20,N16N20N35,N20,N16N20N35,3
N35,N16N20N35,N35,N16N20N35,3
N16,N16N20N37,N16,N16N20N37,3
N20,N16N20N37,N20,N16N20N37,3
N37,N16N20N37,N37,N16N20N37,3
N16,N16N31M1T2,N16,N16N31M1T2,3
N31,N16N31M1T2,N31,N16N31M1T2,3
M1T2,N16N31M1T2,M1T2,N16N31M1T2,3
N16,N16N31M2Q1,N16,N16N31M2Q1,3
N31,N16N31M2Q1,N31,N16N31M2Q1,3
M2Q1,N16N31M2Q1,M2Q1,N16N31M2Q1,3
N16,N16N33M1T2,N16,N16N33M1T2,3
N33,N16N33M1T2,N33,N16N33M1T2,3
M1T2,N16N33M1T2,M1T2,N16N33M1T2,3
N16,N16N36M2Q3,N16,N16N36M2Q3,3
N36,N16N36M2Q3,N36,N16N36M2Q3,3
M2Q3,N16N36M2Q3,M2Q3,N16N36M2Q3,3
N16,N16M1T2M1T3,N16,N16M1T2M1T3,3
M1T2,N16M1T2M1T3,M1T2,N16M1T2M1T3,3
M1T3,N16M1T2M1T3,M1T3,N16M1T2M1T3,3
N16,N16M1T2M2Q1,N16,N16M1T2M2Q1,3
M1T2,N16M1T2M2Q1,M1T2,N16M1T2M2Q1,3
M2Q1,N16M1T2M2Q1,M2Q1,N16M1T2M2Q1,3
N16,N16M1T2M2Q2,N16,N16M1T2M2Q2,3
M1T2,N16M1T2M2Q2,M1T2,N16M1T2M2Q2,3
M2Q2,N16M1T2M2Q2,M2Q2,N16M1T2M2Q2,3
N17,N17N31N37,N17,N17N31N37,3
N31,N17N31N37,N31,N17N31N37,3
N37,N17N31N37,N37,N17N31N37,3
N17,N17N36M2Q3,N17,N17N36M2Q3,3
N36,N17N36M2Q3,N36,N17N36M2Q3,3
M2Q3,N17N36M2Q3,M2Q3,N17N36M2Q3,3
N18,N18N20N37,N18,N18N20N37,3
N20,N18N20N37,N20,N18N20N37,3
N37,N18N20N37,N37,N18N20N37,3
N18,N18N22M0P1,N18,N18N22M0P1,3
N22,N18N22M0P1,N22,N18N22M0P1,3
M0P1,N18N22M0P1,M0P1,N18N22M0P1,3
N18,N18N26N29,N18,N18N26N29,3
N26,N18N26N29,N26,N18N26N29,3
N29,N18N26N29,N29,N18N26N29,3
N18,N18N28M1T1,N18,N18N28M1T1,3
N28,N18N28M1T1,N28,N18N28M1T1,3
M1T1,N18N28M1T1,M1T1,N18N28M1T1,3
N18,N18N29N36,N18,N18N29N36,3
N29,N18N29N36,N29,N18N29N36,3
N36,N18N29N36,N36,N18N29N36,3
N18,N18N29N40,N18,N18N29N40,3
N29,N18N29N40,N29,N18N29N40,3
N40,N18N29N40,N40,N18N29N40,3
N18,N18N31M2Q3,N18,N18N31M2Q3,3
N31,N18N31M2Q3,N31,N18N31M2Q3,3
M2Q3,N18N31M2Q3,M2Q3,N18N31M2Q3,3
N18,N18N33N36,N18,N18N33N36,3
N33,N18N33N36,N33,N18N33N36,3
N36,N18N33N36,N36,N18N33N36,3
N18,N18N33M0P1,N18,N18N33M0P1,3
N33,N18N33M0P1,N33,N18N33M0P1,3
M0P1,N18N33M0P1,M0P1,N18N33M0P1,3
N18,N18N36M2Q3,N18,N18N36M2Q3,3
N36,N18N36M2Q3,N36,N18N36M2Q3,3
M2Q3,N18N36M2Q3,M2Q3,N18N36M2Q3,3
N18,N18N38M0P1,N18,N18N38M0P1,3
N38,N18N38M0P1,N38,N18N38M0P1,3
M0P1,N18N38M0P1,M0P1,N18N38M0P1,3
N18,N18N38M2Q3,N18,N18N38M2Q3,3
N38,N18N38M2Q3,N38,N18N38M2Q3,3
M2Q3,N18N38M2Q3,M2Q3,N18N38M2Q3,3
N18,N18M1T1M2Q3,N18,N18M1T1M2Q3,3
M1T1,N18M1T1M2Q3,M1T1,N18M1T1M2Q3,3
M2Q3,N18M1T1M2Q3,M2Q3,N18M1T1M2Q3,3
N19,N19N22N37,N19,N19N22N37,3
N22,N19N22N37,N22,N19N22N37,3
N37,N19N22N37,N37,N19N22N37,3
N19,N19N24M1T3,N19,N19N24M1T3,3
N24,N19N24M1T3,N24,N19N24M1T3,3
M1T3,N19N24M1T3,M1T3,N19N24M1T3,3
N19,N19N30M2Q3,N19,N19N30M2Q3,3
N30,N19N30M2Q3,N30,N19N30M2Q3,3
M2Q3,N19N30M2Q3,M2Q3,N19N30M2Q3,3
N19,N19N31M1T2,N19,N19N31M1T2,3
N31,N19N31M1T2,N31,N19N31M1T2,3
M1T2,N19N31M1T2,M1T2,N19N31M1T2,3
N19,N19N33M1T3,N19,N19N33M1T3,3
N33,N19N33M1T3,N33,N19N33M1T3,3
M1T3,N19N33M1T3,M1T3,N19N33M1T3,3
N19,N19M0P2M2Q4,N19,N19M0P2M2Q4,3
M0P2,N19M0P2M2Q4,M0P2,N19M0P2M2Q4,3
M2Q4,N19M0P2M2Q4,M2Q4,N19M0P2M2Q4,3
N20,N20N22N34,N20,N20N22N34,3
N22,N20N22N34,N22,N20N22N34,3
N34,N20N22N34,N34,N20N22N34,3
N20,N20N22N35,N20,N20N22N35,3
N22,N20N22N35,N22,N20N22N35,3
N35,N20N22N35,N35,N20N22N35,3
N20,N20N22M0P2,N20,N20N22M0P2,3
N22,N20N22M0P2,N22,N20N22M0P2,3
M0P2,N20N22M0P2,M0P2,N20N22M0P2,3
N20,N20N35M2Q1,N20,N20N35M2Q1,3
N35,N20N35M2Q1,N35,N20N35M2Q1,3
M2Q1,N20N35M2Q1,M2Q1,N20N35M2Q1,3
N21,N21N22N35,N21,N21N22N35,3
N22,N21N22N35,N22,N21N22N35,3
N35,N21N22N35,N35,N21N22N35,3
N22,N22N24N37,N22,N22N24N37,3
N24,N22N24N37,N24,N22N24N37,3
N37,N22N24N37,N37,N22N24N37,3
N22,N22N26N39,N22,N22N26N39,3
N26,N22N26N39,N26,N22N26N39,3
N39,N22N26N39,N39,N22N26N39,3
N22,N22N28M1T2,N22,N22N28M1T2,3
N28,N22N28M1T2,N28,N22N28M1T2,3
M1T2,N22N28M1T2,M1T2,N22N28M1T2,3
N22,N22N29M0P1,N22,N22N29M0P1,3
N29,N22N29M0P1,N29,N22N29M0P1,3
M0P1,N22N29M0P1,M0P1,N22N29M0P1,3
N22,N22N30N39,N22,N22N30N39,3
N30,N22N30N39,N30,N22N30N39,3
N39,N22N30N39,N39,N22N30N39,3
N22,N22N30M2Q1,N22,N22N30M2Q1,3
N30,N22N30M2Q1,N30,N22N30M2Q1,3
M2Q1,N22N30M2Q1,M2Q1,N22N30M2Q1,3
N22,N22N31N34,N22,N22N31N34,3
N31,N22N31N34,N31,N22N31N34,3
N34,N22N31N34,N34,N22N31N34,3
N22,N22N33M2Q1,N22,N22N33M2Q1,3
N33,N22N33M2Q1,N33,N22N33M2Q1,3
M2Q1,N22N33M2Q1,M2Q1,N22N33M2Q1,3
N22,N22N33M2Q4,N22,N22N33M2Q4,3
N33,N22N33M2Q4,N33,N22N33M2Q4,3
M2Q4,N22N33M2Q4,M2Q4,N22N33M2Q4,3
N22,N22N34M1T3,N22,N22N34M1T3,3
N34,N22N34M1T3,N34,N22N34M1T3,3
M1T3,N22N34M1T3,M1T3,N22N34M1T3,3
N22,N22N35M1T2,N22,N22N35M1T2,3
N35,N22N35M1T2,N35,N22N35M1T2,3
M1T2,N22N35M1T2,M1T2,N22N35M1T2,3
N22,N22N37M2Q3,N22,N22N37M2Q3,3
N37,N22N37M2Q3,N37,N22N37M2Q3,3
M2Q3,N22N37M2Q3,M2Q3,N22N37M2Q3,3
N22,N22N38M2Q3,N22,N22N38M2Q3,3
N38,N22N38M2Q3,N38,N22N38M2Q3,3
M2Q3,N22N38M2Q3,M2Q3,N22N38M2Q3,3
N22,N22M0P1M0P2,N22,N22M0P1M0P2,3
M0P1,N22M0P1M0P2,M0P1,N22M0P1M0P2,3
M0P2,N22M0P1M0P2,M0P2,N22M0P1M0P2,3
N22,N22M0P1M1T1,N22,N22M0P1M1T1,3
M0P1,N22M0P1M1T1,M0P1,N22M0P1M1T1,3
M1T1,N22M0P1M1T1,M1T1,N22M0P1M1T1,3
N22,N22M0P1M1T3,N22,N22M0P1M1T3,3
M0P1,N22M0P1M1T3,M0P1,N22M0P1M1T3,3
M1T3,N22M0P1M1T3,M1T3,N22M0P1M1T3,3
N22,N22M0P2M1T2,N22,N22M0P2M1T2,3
M0P2,N22M0P2M1T2,M0P2,N22M0P2M1T2,3
M1T2,N22M0P2M1T2,M1T2,N22M0P2M1T2,3
N22,N22M1T2M2Q4,N22,N22M1T2M2Q4,3
M1T2,N22M1T2M2Q4,M1T2,N22M1T2M2Q4,3
M2Q4,N22M1T2M2Q4,M2Q4,N22M1T2M2Q4,3
N22,N22M2Q3M2Q4,N22,N22M2Q3M2Q4,3
M2Q3,N22M2Q3M2Q4,M2Q3,N22M2Q3M2Q4,3
M2Q4,N22M2Q3M2Q4,M2Q4,N22M2Q3M2Q4,3
N24,N24N30N39,N24,N24N30N39,3
N30,N24N30N39,N30,N24N30N39,3
N39,N24N30N39,N39,N24N30N39,3
N24,N24N30M0P2,N24,N24N30M0P2,3
N30,N24N30M0P2,N30,N24N30M0P2,3
M0P2,N24N30M0P2,M0P2,N24N30M0P2,3
N24,N24N31M0P2,N24,N24N31M0P2,3
N31,N24N31M0P2,N31,N24N31M0P2,3
M0P2,N24N31M0P2,M0P2,N24N31M0P2,3
N24,N24N31M1T3,N24,N24N31M1T3,3
N31,N24N31M1T3,N31,N24N31M1T3,3
M1T3,N24N31M1T3,M1T3,N24N31M1T3,3
N24,N24N34N37,N24,N24N34N37,3
N34,N24N34N37,N34,N24N34N37,3
N37,N24N34N37,N37,N24N34N37,3
N24,N24N34M2Q2,N24,N24N34M2Q2,3
N34,N24N34M2Q2,N34,N24N34M2Q2,3
M2Q2,N24N34M2Q2,M2Q2,N24N34M2Q2,3
N24,N24N34M2Q3,N24,N24N34M2Q3,3
N34,N24N34M2Q3,N34,N24N34M2Q3,3
M2Q3,N24N34M2Q3,M2Q3,N24N34M2Q3,3
N24,N24N35M1T3,N24,N24N35M1T3,3
N35,N24N35M1T3,N35,N24N35M1T3,3
M1T3,N24N35M1T3,M1T3,N24N35M1T3,3
N24,N24N37M2Q2,N24,N24N37M2Q2,3
N37,N24N37M2Q2,N37,N24N37M2Q2,3
M2Q2,N24N37M2Q2,M2Q2,N24N37M2Q2,3
N24,N24M0P1M1T2,N24,N24M0P1M1T2,3
M0P1,N24M0P1M1T2,M0P1,N24M0P1M1T2,3
M1T2,N24M0P1M1T2,M1T2,N24M0P1M1T2,3
N24,N24M0P1M1T3,N24,N24M0P1M1T3,3
M0P1,N24M0P1M1T3,M0P1,N24M0P1M1T3,3
M1T3,N24M0P1M1T3,M1T3,N24M0P1M1T3,3
N26,N26N29N31,N26,N26N29N31,3
N29,N26N29N31,N29,N26N29N31,3
N31,N26N29N31,N31,N26N29N31,3
N26,N26N29M0P1,N26,N26N29M0P1,3
N29,N26N29M0P1,N29,N26N29M0P1,3
M0P1,N26N29M0P1,M0P1,N26N29M0P1,3
N26,N26N29M0P2,N26,N26N29M0P2,3
N29,N26N29M0P2,N29,N26N29M0P2,3
M0P2,N26N29M0P2,M0P2,N26N29M0P2,3
N26,N26N29M2Q3,N26,N26N29M2Q3,3
N29,N26N29M2Q3,N29,N26N29M2Q3,3
M2Q3,N26N29M2Q3,M2Q3,N26N29M2Q3,3
N26,N26N31N39,N26,N26N31N39,3
N31,N26N31N39,N31,N26N31N39,3
N39,N26N31N39,N39,N26N31N39,3
N26,N26N34M2Q4,N26,N26N34M2Q4,3
N34,N26N34M2Q4,N34,N26N34M2Q4,3
M2Q4,N26N34M2Q4,M2Q4,N26N34M2Q4,3
N26,N26N39M1T3,N26,N26N39M1T3,3
N39,N26N39M1T3,N39,N26N39M1T3,3
M1T3,N26N39M1T3,M1T3,N26N39M1T3,3
N26,N26M0P1M2Q1,N26,N26M0P1M2Q1,3
M0P1,N26M0P1M2Q1,M0P1,N26M0P1M2Q1,3
M2Q1,N26M0P1M2Q1,M2Q1,N26M0P1M2Q1,3
N26,N26M1T1M1T2,N26,N26M1T1M1T2,3
M1T1,N26M1T1M1T2,M1T1,N26M1T1M1T2,3
M1T2,N26M1T1M1T2,M1T2,N26M1T1M1T2,3
N27,N27N29N31,N27,N27N29N31,3
N29,N27N29N31,N29,N27N29N31,3
N31,N27N29N31,N31,N27N29N31,3
N28,N28N31N34,N28,N28N31N34,3
N31,N28N31N34,N31,N28N31N34,3
N34,N28N31N34,N34,N28N31N34,3
N28,N28N34M2Q2,N28,N28N34M2Q2,3
N34,N28N34M2Q2,N34,N28N34M2Q2,3
M2Q2,N28N34M2Q2,M2Q2,N28N34M2Q2,3
N28,N28N36M1T1,N28,N28N36M1T1,3
N36,N28N36M1T1,N36,N28N36M1T1,3
M1T1,N28N36M1T1,M1T1,N28N36M1T1,3
N28,N28N39M1T2,N28,N28N39M1T2,3
N39,N28N39M1T2,N39,N28N39M1T2,3
M1T2,N28N39M1T2,M1T2,N28N39M1T2,3
N28,N28M2Q2M2Q3,N28,N28M2Q2M2Q3,3
M2Q2,N28M2Q2M2Q3,M2Q2,N28M2Q2M2Q3,3
M2Q3,N28M2Q2M2Q3,M2Q3,N28M2Q2M2Q3,3
N29,N29N31M0P2,N29,N29N31M0P2,3
N31,N29N31M0P2,N31,N29N31M0P2,3
M0P2,N29N31M0P2,M0P2,N29N31M0P2,3
N29,N29N32M2Q3,N29,N29N32M2Q3,3
N32,N29N32M2Q3,N32,N29N32M2Q3,3
M2Q3,N29N32M2Q3,M2Q3,N29N32M2Q3,3
N29,N29N35N38,N29,N29N35N38,3
N35,N29N35N38,N35,N29N35N38,3
N38,N29N35N38,N38,N29N35N38,3
N29,N29N35M2Q3,N29,N29N35M2Q3,3
N35,N29N35M2Q3,N35,N29N35M2Q3,3
M2Q3,N29N35M2Q3,M2Q3,N29N35M2Q3,3
N29,N29N36M2Q1,N29,N29N36M2Q1,3
N36,N29N36M2Q1,N36,N29N36M2Q1,3
M2Q1,N29N36M2Q1,M2Q1,N29N36M2Q1,3
N29,N29N37N38,N29,N29N37N38,3
N37,N29N37N38,N37,N29N37N38,3
N38,N29N37N38,N38,N29N37N38,3
N29,N29N37M2Q1,N29,N29N37M2Q1,3
N37,N29N37M2Q1,N37,N29N37M2Q1,3
M2Q1,N29N37M2Q1,M2Q1,N29N37M2Q1,3
N29,N29N37M2Q4,N29,N29N37M2Q4,3
N37,N29N37M2Q4,N37,N29N37M2Q4,3
M2Q4,N29N37M2Q4,M2Q4,N29N37M2Q4,3
N29,N29N38M2Q3,N29,N29N38M2Q3,3
N38,N29N38M2Q3,N38,N29N38M2Q3,3
M2Q3,N29N38M2Q3,M2Q3,N29N38M2Q3,3
N29,N29N40M2Q3,N29,N29N40M2Q3,3
N40,N29N40M2Q3,N40,N29N40M2Q3,3
M2Q3,N29N40M2Q3,M2Q3,N29N40M2Q3,3
N29,N29N40M2Q4,N29,N29N40M2Q4,3
N40,N29N40M2Q4,N40,N29N40M2Q4,3
M2Q4,N29N40M2Q4,M2Q4,N29N40M2Q4,3
N29,N29M0P1M2Q4,N29,N29M0P1M2Q4,3
M0P1,N29M0P1M2Q4,M0P1,N29M0P1M2Q4,3
M2Q4,N29M0P1M2Q4,M2Q4,N29M0P1M2Q4,3
N29,N29M2Q3M2Q4,N29,N29M2Q3M2Q4,3
M2Q3,N29M2Q3M2Q4,M2Q3,N29M2Q3M2Q4,3
M2Q4,N29M2Q3M2Q4,M2Q4,N29M2Q3M2Q4,3
N30,N30N31M2Q1,N30,N30N31M2Q1,3
N31,N30N31M2Q1,N31,N30N31M2Q1,3
M2Q1,N30N31M2Q1,M2Q1,N30N31M2Q1,3
N30,N30N39M0P2,N30,N30N39M0P2,3
N39,N30N39M0P2,N39,N30N39M0P2,3
M0P2,N30N39M0P2,M0P2,N30N39M0P2,3
N30,N30M1T1M1T2,N30,N30M1T1M1T2,3
M1T1,N30M1T1M1T2,M1T1,N30M1T1M1T2,3
M1T2,N30M1T1M1T2,M1T2,N30M1T1M1T2,3
N30,N30M1T2M2Q4,N30,N30M1T2M2Q4,3
M1T2,N30M1T2M2Q4,M1T2,N30M1T2M2Q4,3
M2Q4,N30M1T2M2Q4,M2Q4,N30M1T2M2Q4,3
N30,N30M1T3M2Q1,N30,N30M1T3M2Q1,3
M1T3,N30M1T3M2Q1,M1T3,N30M1T3M2Q1,3
M2Q1,N30M1T3M2Q1,M2Q1,N30M1T3M2Q1,3
N31,N31N34M2Q2,N31,N31N34M2Q2,3
N34,N31N34M2Q2,N34,N31N34M2Q2,3
M2Q2,N31N34M2Q2,M2Q2,N31N34M2Q2,3
N31,N31N35M1T1,N31,N31N35M1T1,3
N35,N31N35M1T1,N35,N31N35M1T1,3
M1T1,N31N35M1T1,M1T1,N31N35M1T1,3
N31,N31N35M2Q4,N31,N31N35M2Q4,3
N35,N31N35M2Q4,N35,N31N35M2Q4,3
M2Q4,N31N35M2Q4,M2Q4,N31N35M2Q4,3
N31,N31N38M0P1,N31,N31N38M0P1,3
N38,N31N38M0P1,N38,N31N38M0P1,3
M0P1,N31N38M0P1,M0P1,N31N38M0P1,3
N31,N31N38M1T3,N31,N31N38M1T3,3
N38,N31N38M1T3,N38,N31N38M1T3,3
M1T3,N31N38M1T3,M1T3,N31N38M1T3,3
N31,N31N40M0P1,N31,N31N40M0P1,3
N40,N31N40M0P1,N40,N31N40M0P1,3
M0P1,N31N40M0P1,M0P1,N31N40M0P1,3
N31,N31M0P1M2Q2,N31,N31M0P1M2Q2,3
M0P1,N31M0P1M2Q2,M0P1,N31M0P1M2Q2,3
M2Q2,N31M0P1M2Q2,M2Q2,N31M0P1M2Q2,3
N31,N31M1T2M2Q2,N31,N31M1T2M2Q2,3
M1T2,N31M1T2M2Q2,M1T2,N31M1T2M2Q2,3
M2Q2,N31M1T2M2Q2,M2Q2,N31M1T2M2Q2,3
N31,N31M1T3M2Q3,N31,N31M1T3M2Q3,3
M1T3,N31M1T3M2Q3,M1T3,N31M1T3M2Q3,3
M2Q3,N31M1T3M2Q3,M2Q3,N31M1T3M2Q3,3
N31,N31M2Q3M2Q4,N31,N31M2Q3M2Q4,3
M2Q3,N31M2Q3M2Q4,M2Q3,N31M2Q3M2Q4,3
M2Q4,N31M2Q3M2Q4,M2Q4,N31M2Q3M2Q4,3
N32,N32N35N37,N32,N32N35N37,3
N35,N32N35N37,N35,N32N35N37,3
N37,N32N35N37,N37,N32N35N37,3
N33,N33N36N37,N33,N33N36N37,3
N36,N33N36N37,N36,N33N36N37,3
N37,N33N36N37,N37,N33N36N37,3
N33,N33N36M2Q3,N33,N33N36M2Q3,3
N36,N33N36M2Q3,N36,N33N36M2Q3,3
M2Q3,N33N36M2Q3,M2Q3,N33N36M2Q3,3
N33,N33M2Q1M2Q4,N33,N33M2Q1M2Q4,3
M2Q1,N33M2Q1M2Q4,M2Q1,N33M2Q1M2Q4,3
M2Q4,N33M2Q1M2Q4,M2Q4,N33M2Q1M2Q4,3
N34,N34N38M2Q3,N34,N34N38M2Q3,3
N38,N34N38M2Q3,N38,N34N38M2Q3,3
M2Q3,N34N38M2Q3,M2Q3,N34N38M2Q3,3
N35,N35N37N40,N35,N35N37N40,3
N37,N35N37N40,N37,N35N37N40,3
N40,N35N37N40,N40,N35N37N40,3
N35,N35N39M1T2,N35,N35N39M1T2,3
N39,N35N39M1T2,N39,N35N39M1T2,3
M1T2,N35N39M1T2,M1T2,N35N39M1T2,3
N35,N35M1T2M2Q4,N35,N35M1T2M2Q4,3
M1T2,N35M1T2M2Q4,M1T2,N35M1T2M2Q4,3
M2Q4,N35M1T2M2Q4,M2Q4,N35M1T2M2Q4,3
N35,N35M2Q2M2Q4,N35,N35M2Q2M2Q4,3
M2Q2,N35M2Q2M2Q4,M2Q2,N35M2Q2M2Q4,3
M2Q4,N35M2Q2M2Q4,M2Q4,N35M2Q2M2Q4,3
N36,N36N39M0P1,N36,N36N39M0P1,3
N39,N36N39M0P1,N39,N36N39M0P1,3
M0P1,N36N39M0P1,M0P1,N36N39M0P1,3
N36,N36N39M2Q2,N36,N36N39M2Q2,3
N39,N36N39M2Q2,N39,N36N39M2Q2,3
M2Q2,N36N39M2Q2,M2Q2,N36N39M2Q2,3
N36,N36M0P2M2Q3,N36,N36M0P2M2Q3,3
M0P2,N36M0P2M2Q3,M0P2,N36M0P2M2Q3,3
M2Q3,N36M0P2M2Q3,M2Q3,N36M0P2M2Q3,3
N36,N36M1T1M2Q3,N36,N36M1T1M2Q3,3
M1T1,N36M1T1M2Q3,M1T1,N36M1T1M2Q3,3
M2Q3,N36M1T1M2Q3,M2Q3,N36M1T1M2Q3,3
N36,N36M2Q2M2Q3,N36,N36M2Q2M2Q3,3
M2Q2,N36M2Q2M2Q3,M2Q2,N36M2Q2M2Q3,3
M2Q3,N36M2Q2M2Q3,M2Q3,N36M2Q2M2Q3,3
N36,N36M2Q3M2Q4,N36,N36M2Q3M2Q4,3
M2Q3,N36M2Q3M2Q4,M2Q3,N36M2Q3M2Q4,3
M2Q4,N36M2Q3M2Q4,M2Q4,N36M2Q3M2Q4,3
N37,N37N38M1T3,N37,N37N38M1T3,3
N38,N37N38M1T3,N38,N37N38M1T3,3
M1T3,N37N38M1T3,M1T3,N37N38M1T3,3
N37,N37N38M2Q3,N37,N37N38M2Q3,3
N38,N37N38M2Q3,N38,N37N38M2Q3,3
M2Q3,N37N38M2Q3,M2Q3,N37N38M2Q3,3
N37,N37M0P2M1T1,N37,N37M0P2M1T1,3
M0P2,N37M0P2M1T1,M0P2,N37M0P2M1T1,3
M1T1,N37M0P2M1T1,M1T1,N37M0P2M1T1,3
N38,N38M0P1M0P2,N38,N38M0P1M0P2,3
M0P1,N38M0P1M0P2,M0P1,N38M0P1M0P2,3
M0P2,N38M0P1M0P2,M0P2,N38M0P1M0P2,3
N38,N38M0P1M1T2,N38,N38M0P1M1T2,3
M0P1,N38M0P1M1T2,M0P1,N38M0P1M1T2,3
M1T2,N38M0P1M1T2,M1T2,N38M0P1M1T2,3
N38,N38M0P1M2Q3,N38,N38M0P1M2Q3,3
M0P1,N38M0P1M2Q3,M0P1,N38M0P1M2Q3,3
M2Q3,N38M0P1M2Q3,M2Q3,N38M0P1M2Q3,3
N39,N39N40M1T3,N39,N39N40M1T3,3
N40,N39N40M1T3,N40,N39N40M1T3,3
M1T3,N39N40M1T3,M1T3,N39N40M1T3,3
N40,N40M1T1M2Q2,N40,N40M1T1M2Q2,3
M1T1,N40M1T1M2Q2,M1T1,N40M1T1M2Q2,3
M2Q2,N40M1T1M2Q2,M2Q2,N40M1T1M2Q2,3
N40,N40M2Q3M2Q4,N40,N40M2Q3M2Q4,3
M2Q3,N40M2Q3M2Q4,M2Q3,N40M2Q3M2Q4,3
M2Q4,N40M2Q3M2Q4,M2Q4,N40M2Q3M2Q4,3
M0P1,M0P1M0P2M1T2,M0P1,M0P1M0P2M1T2,3
M0P2,M0P1M0P2M1T2,M0P2,M0P1M0P2M1T2,3
M1T2,M0P1M0P2M1T2,M1T2,M0P1M0P2M1T2,3
M0P2,M0P2M1T3M2Q1,M0P2,M0P2M1T3M2Q1,3
M1T3,M0P2M1T3M2Q1,M1T3,M0P2M1T3M2Q1,3
M2Q1,M0P2M1T3M2Q1,M2Q1,M0P2M1T3M2Q1,3
M0P2,M0P2M1T3M2Q4,M0P2,M0P2M1T3M2Q4,3
M1T3,M0P2M1T3M2Q4,M1T3,M0P2M1T3M2Q4,3
M2Q4,M0P2M1T3M2Q4,M2Q4,M0P2M1T3M2Q4,3
M1T1,M1T1M1T2M1T3,M1T1,M1T1M1T2M1T3,3
M1T2,M1T1M1T2M1T3,M1T2,M1T1M1T2M1T3,3
M1T3,M1T1M1T2M1T3,M1T3,M1T1M1T2M1T3,3
M1T3,M1T3M2Q3M2Q4,M1T3,M1T3M2Q3M2Q4,3
M2Q3,M1T3M2Q3M2Q4,M2Q3,M1T3M2Q3M2Q4,3
M2Q4,M1T3M2Q3M2Q4,M2Q4,M1T3M2Q3M2Q4,3
M0P1,M0P1M0P2,M0P1,M0P1M0P2,2
M0P2,M0P1M0P2,M0P2,M0P1M0P2,2
N18,N18M1T3,N18,N18M1T3,2
M1T3,N18M1T3,M1T3,N18M1T3,2
N6,N6N11,N6,N6N11,2
N11,N6N11,N11,N6N11,2
N7,N7N36,N7,N7N36,2
N36,N7N36,N36,N7N36,2
M1T2,M1T2M2Q2,M1T2,M1T2M2Q2,2
M2Q2,M1T2M2Q2,M2Q2,M1T2M2Q2,2
N7,N7M1T3,N7,N7M1T3,2
M1T3,N7M1T3,M1T3,N7M1T3,2
N7,N7N31,N7,N7N31,2
N31,N7N31,N31,N7N31,2
N38,N38M0P1,N38,N38M0P1,2
M0P1,N38M0P1,M0P1,N38M0P1,2
N2,N2N11,N2,N2N11,2
N11,N2N11,N11,N2N11,2
N31,N31M2Q3,N31,N31M2Q3,2
M2Q3,N31M2Q3,M2Q3,N31M2Q3,2
N5,N5N30,N5,N5N30,2
N30,N5N30,N30,N5N30,2
N15,N15N31,N15,N15N31,2
N31,N15N31,N31,N15N31,2
N18,N18N35,N18,N18N35,2
N35,N18N35,N35,N18N35,2
N33,N33M1T3,N33,N33M1T3,2
M1T3,N33M1T3,M1T3,N33M1T3,2
N16,N16M1T2,N16,N16M1T2,2
M1T2,N16M1T2,M1T2,N16M1T2,2
N12,N12N39,N12,N12N39,2
N39,N12N39,N39,N12N39,2
N9,N9N38,N9,N9N38,2
N38,N9N38,N38,N9N38,2
N20,N20N35,N20,N20N35,2
N35,N20N35,N35,N20N35,2
N24,N24N36,N24,N24N36,2
N36,N24N36,N36,N24N36,2
N16,N16M2Q1,N16,N16M2Q1,2
M2Q1,N16M2Q1,M2Q1,N16M2Q1,2
N26,N26M2Q1,N26,N26M2Q1,2
M2Q1,N26M2Q1,M2Q1,N26M2Q1,2
N11,N11N36,N11,N11N36,2
N36,N11N36,N36,N11N36,2
N19,N19N37,N19,N19N37,2
N37,N19N37,N37,N19N37,2
N2,N2N24,N2,N2N24,2
N24,N2N24,N24,N2N24,2
N29,N29N40,N29,N29N40,2
N40,N29N40,N40,N29N40,2
N20,N20N29,N20,N20N29,2
N29,N20N29,N29,N20N29,2
N15,N15M1T3,N15,N15M1T3,2
M1T3,N15M1T3,M1T3,N15M1T3,2
N9,N9N12,N9,N9N12,2
N12,N9N12,N12,N9N12,2
N2,N2N12,N2,N2N12,2
N12,N2N12,N12,N2N12,2
N18,N18N31,N18,N18N31,2
N31,N18N31,N31,N18N31,2
N11,N11N22,N11,N11N22,2
N22,N11N22,N22,N11N22,2
N34,N34M2Q2,N34,N34M2Q2,2
M2Q2,N34M2Q2,M2Q2,N34M2Q2,2
N4,N4N18,N4,N4N18,2
N18,N4N18,N18,N4N18,2
N22,N22N34,N22,N22N34,2
N34,N22N34,N34,N22N34,2
N12,N12M1T1,N12,N12M1T1,2
M1T1,N12M1T1,M1T1,N12M1T1,2
